species,year,low75,median,high75,low50,high50,panel,location,group
All,1976,6.994827356574886,8.889450753659878,11.103119129405187,7.757327083227523,10.048736240829493,f) Total contaminants,NA,NA
All,1976,10560217.553611511,11642205.96484992,13173106.14423259,10988591.257738717,12463661.993390048,d) Total nutrients,NA,NA
All,1977,7.050828146587609,8.910850262581686,11.105867562450396,7.81785834435458,10.071821822717288,f) Total contaminants,NA,NA
All,1977,10661636.270651607,11654060.438406304,13145821.860150304,11056263.148464773,12421900.328318741,d) Total nutrients,NA,NA
All,1978,7.1027741311130095,8.985702751549884,11.13566703279916,7.85410121940687,10.150493259586597,f) Total contaminants,NA,NA
All,1978,10775712.407488054,11759324.303963896,13192283.690297958,11165548.775637945,12472699.892209152,d) Total nutrients,NA,NA
All,1979,7.1675169906100695,9.091587388230318,11.228705907669173,7.940796932481174,10.274719715863393,f) Total contaminants,NA,NA
All,1979,10910930.947133115,11872789.863245834,13255156.765988348,11288416.635993993,12544151.090972982,d) Total nutrients,NA,NA
All,1980,7.2420198107212945,9.212248791105095,11.356617377688176,8.05564625835996,10.367022650089368,f) Total contaminants,NA,NA
All,1980,11067213.625108132,12011282.560643725,13376939.731050644,11431220.692742545,12675660.554103082,d) Total nutrients,NA,NA
All,1981,7.35137096286684,9.363844634067473,11.519320844989242,8.15014570829181,10.51066460849572,f) Total contaminants,NA,NA
All,1981,11202871.269472852,12176004.58437065,13517774.855075527,11602171.826956602,12869894.819688695,d) Total nutrients,NA,NA
All,1982,7.4447779803179746,9.516176775275724,11.679834573245852,8.276805908040595,10.703805400457401,f) Total contaminants,NA,NA
All,1982,11387192.489366455,12346367.520584844,13664066.549581798,11779591.286853706,13026042.207560189,d) Total nutrients,NA,NA
All,1983,7.556933666899145,9.67288005801289,11.857502575058753,8.419498699797938,10.915902564875474,f) Total contaminants,NA,NA
All,1983,11572384.253588157,12536799.44682333,13889668.947538186,11964845.511018973,13233860.992472861,d) Total nutrients,NA,NA
All,1984,7.679962314114329,9.820326258254342,12.049477102936455,8.567348711875889,11.039888753899962,f) Total contaminants,NA,NA
All,1984,11776626.516721928,12716503.857256992,14088090.297357135,12162152.38884517,13473475.480728257,d) Total nutrients,NA,NA
All,1985,7.828437356848113,9.961142432267255,12.279472234251944,8.696504669667322,11.211008802543187,f) Total contaminants,NA,NA
All,1985,11957953.641983332,12929798.706530362,14299818.172572132,12335714.758385725,13688208.852327013,d) Total nutrients,NA,NA
All,1986,7.954589017437914,10.097693999754206,12.445719788765105,8.81099359536136,11.359176672798608,f) Total contaminants,NA,NA
All,1986,12140284.949764248,13119159.704080403,14513088.994427472,12494080.464166101,13857739.38057402,d) Total nutrients,NA,NA
All,1987,8.0620354964171,10.23772647096704,12.580560192848987,8.925001574663948,11.470234233014098,f) Total contaminants,NA,NA
All,1987,12295822.521864446,13311814.249275997,14691331.25554557,12645565.091031361,14036082.22195642,d) Total nutrients,NA,NA
All,1988,8.147747580813789,10.375414678922365,12.75009470471345,9.046660658417903,11.59382529254673,f) Total contaminants,NA,NA
All,1988,12444443.94070778,13472689.249600438,14891964.985281952,12813625.456358265,14190910.767450338,d) Total nutrients,NA,NA
All,1989,8.280128956457014,10.491257861610706,12.90046875374029,9.197803298942585,11.766386801357548,f) Total contaminants,NA,NA
All,1989,12602738.820530146,13643299.26334386,15118590.688976172,12984921.172496157,14382780.616451688,d) Total nutrients,NA,NA
All,1990,8.390219274074632,10.625672405796447,13.037074710814537,9.307382634062613,11.941822303471113,f) Total contaminants,NA,NA
All,1990,12767175.396007115,13827771.441874146,15326995.051039895,13168067.150065204,14589382.38206568,d) Total nutrients,NA,NA
All,1991,8.484562309497887,10.782921819864534,13.2060951579224,9.438406598864894,12.052806105729365,f) Total contaminants,NA,NA
All,1991,12946562.89960167,13994816.111006651,15536504.036787093,13359717.696672514,14804656.53236215,d) Total nutrients,NA,NA
All,1992,8.600348562817619,10.94377988175727,13.372740268191489,9.563392633754866,12.195958234505486,f) Total contaminants,NA,NA
All,1992,13146509.573774338,14201790.640104871,15836098.67790195,13531616.986198178,15039748.898085572,d) Total nutrients,NA,NA
All,1993,8.727988337115026,11.074553604762276,13.552525024613608,9.701587378430496,12.356974454556203,f) Total contaminants,NA,NA
All,1993,13368101.466128757,14423500.513665373,16025855.252148964,13739454.354155602,15270324.123076873,d) Total nutrients,NA,NA
All,1994,8.83973913167703,11.241351263297705,13.762327375141002,9.798293999152378,12.537344885849576,f) Total contaminants,NA,NA
All,1994,13570952.595494939,14640245.73886817,16270786.453024486,13974653.512723768,15516679.526151534,d) Total nutrients,NA,NA
All,1995,8.948049392045121,11.368449078330652,13.953180877760133,9.905338654525762,12.68180109450238,f) Total contaminants,NA,NA
All,1995,13762444.764665848,14890632.928736534,16509097.83484108,14222508.385476014,15755778.222981468,d) Total nutrients,NA,NA
All,1996,9.068011182478745,11.509532621983897,14.13291511640483,10.039462691093075,12.874488826827747,f) Total contaminants,NA,NA
All,1996,13951889.47632307,15109110.203325856,16769865.71867311,14439492.623019733,15986369.22697332,d) Total nutrients,NA,NA
All,1997,9.15703470778794,11.648988827326729,14.294813820540217,10.113494889096806,13.028608853455122,f) Total contaminants,NA,NA
All,1997,14118663.07949088,15319655.39026876,16974992.003930714,14641986.64760271,16205237.847484868,d) Total nutrients,NA,NA
All,1998,9.25055518091425,11.721870106634366,14.40132110469526,10.203912476854523,13.12829673858228,f) Total contaminants,NA,NA
All,1998,14243431.307235798,15490414.458498985,17151234.27052694,14815877.3348563,16404588.12950634,d) Total nutrients,NA,NA
All,1999,9.302877770633389,11.781724342982628,14.50025572011566,10.25191468299946,13.201075199302775,f) Total contaminants,NA,NA
All,1999,14366436.852972867,15613297.307796117,17273273.376509618,14899383.389665734,16574847.644958505,d) Total nutrients,NA,NA
All,2000,9.301749706214538,11.783446073569191,14.539988230923923,10.278786523696384,13.223017414332473,f) Total contaminants,NA,NA
All,2000,14436476.035435665,15687392.05652087,17359508.97944213,14954763.05674494,16633027.265247695,d) Total nutrients,NA,NA
All,2001,9.297551302477128,11.751681191486373,14.510197202044935,10.282012969774634,13.23293917136248,f) Total contaminants,NA,NA
All,2001,14473730.935090346,15709108.426254518,17334334.73440831,14941962.524069387,16621756.161015946,d) Total nutrients,NA,NA
All,2002,9.243837288548303,11.701694319993063,14.479070027000995,10.211358398762492,13.196681738260283,f) Total contaminants,NA,NA
All,2002,14436391.7573945,15686676.12120222,17326537.89665298,14894957.246856155,16589136.373913426,d) Total nutrients,NA,NA
All,2003,9.14321932939781,11.591185315232892,14.384123239124136,10.12425117090661,13.068893875418283,f) Total contaminants,NA,NA
All,2003,14377743.777199972,15614377.480136331,17231683.6015212,14821895.392017357,16515135.84439674,d) Total nutrients,NA,NA
All,2004,9.055229742782863,11.459149098284515,14.220255365626842,9.993785774793809,12.94931720916999,f) Total contaminants,NA,NA
All,2004,14258056.173559897,15525797.67619655,17083071.948242478,14717007.032982685,16400578.804921433,d) Total nutrients,NA,NA
All,2005,8.974065794628206,11.301197086692078,14.095657990216223,9.858893941177756,12.775093372447468,f) Total contaminants,NA,NA
All,2005,14173670.344525224,15402926.579138074,16958662.809372254,14569899.16112728,16266656.96389609,d) Total nutrients,NA,NA
All,2006,8.877293440326259,11.146425458755115,13.894805801769888,9.73151563683311,12.593620186142878,f) Total contaminants,NA,NA
All,2006,14037775.831484918,15291050.249301497,16790463.238737423,14435453.56734433,16122398.609683879,d) Total nutrients,NA,NA
All,2007,8.754276140374277,10.998859703208183,13.665817089343486,9.62193620590347,12.40138308253894,f) Total contaminants,NA,NA
All,2007,13861689.993790943,15137217.22003162,16619974.506153524,14319039.338054035,15969352.978970464,d) Total nutrients,NA,NA
All,2008,8.648089803321378,10.83257877488918,13.460105827803648,9.488413117921418,12.236549672823433,f) Total contaminants,NA,NA
All,2008,13735277.183396095,14990080.917232525,16530451.44735401,14195255.692582794,15839125.407762416,d) Total nutrients,NA,NA
All,2009,8.52830184444959,10.73431776486549,13.351674045416067,9.371879575725384,12.079374849912801,f) Total contaminants,NA,NA
All,2009,13633868.868225351,14892704.97219209,16442022.338896727,14097480.37597097,15725261.475203171,d) Total nutrients,NA,NA
All,2010,8.447601104688603,10.635169544142318,13.27954926129454,9.314753579293537,11.978958605796404,f) Total contaminants,NA,NA
All,2010,13569806.106951226,14816498.485483985,16393705.306996785,14050566.309203627,15718222.049165841,d) Total nutrients,NA,NA
All,2011,8.405773571076846,10.557771227080188,13.210228270739792,9.230882600987934,11.946423382568007,f) Total contaminants,NA,NA
All,2011,13526611.98855565,14809029.540208414,16386402.458524143,14024575.389444364,15705598.474486768,d) Total nutrients,NA,NA
All,2012,8.38940545698105,10.546991255587297,13.171727707735954,9.24103190727169,11.92743973601834,f) Total contaminants,NA,NA
All,2012,13506757.86821573,14813792.341207912,16427686.111584961,14038621.379550934,15760160.113094693,d) Total nutrients,NA,NA
All,2013,8.35897259872176,10.570735504469674,13.200684128641363,9.252768539288457,11.947033890042828,f) Total contaminants,NA,NA
All,2013,13546563.376284542,14866978.538329978,16582140.87442899,14071652.409411399,15847585.277939113,d) Total nutrients,NA,NA
All,2014,8.382235596812913,10.610511678425627,13.265574403436755,9.263304647956607,12.022218500122882,f) Total contaminants,NA,NA
All,2014,13580209.212333549,14955103.66409294,16781231.953439996,14135465.012001744,15977998.380347058,d) Total nutrients,NA,NA
All,2015,8.404137552797426,10.682145715816592,13.363734166859585,9.305585873507216,12.034273472466857,f) Total contaminants,NA,NA
All,2015,13604836.932890933,15116793.164322097,16953329.008361913,14181739.788749829,16193420.587783856,d) Total nutrients,NA,NA
Chinook,1976,0.8033454019981148,1.0751044776537035,1.4109739238150576,0.9091029603381601,1.2631846249113714,g) Species contaminants,NA,NA
Chum,1976,1.732679894395662,2.412939088693273,3.275255090288068,2.011936414861415,2.835005503711514,g) Species contaminants,NA,NA
Coho,1976,0.39327776906095996,0.5217554484428448,0.6964347108113259,0.4416907128869267,0.6251340283706746,g) Species contaminants,NA,NA
Pink,1976,1.0561572643387325,1.5103500704383142,2.0942758427610997,1.1999598581709867,1.8519073073424552,g) Species contaminants,NA,NA
Sockeye,1976,2.476381745978451,3.2577544543010237,4.196590723099346,2.804907407946814,3.802721293781764,g) Species contaminants,NA,NA
Chinook,1976,503.6443819533355,620.4850398693973,770.0849624206322,548.9728733995339,702.4418583948674,e) Species nutrients,NA,NA
Chum,1976,2600.2910257637927,3131.593037723992,3965.027726178452,2772.8724264209595,3546.1000150340224,e) Species nutrients,NA,NA
Coho,1976,371.8089117478844,462.9952079527134,599.788937268982,405.679569129838,539.133716066431,e) Species nutrients,NA,NA
Pink,1976,2976.161984164949,3533.532036714853,4153.496573056022,3197.1776344056952,3863.0008982722147,e) Species nutrients,NA,NA
Sockeye,1976,3209.412613929269,3811.1753121962593,4593.233622615172,3434.1193779066243,4212.779102951784,e) Species nutrients,NA,NA
Chinook,1977,0.8206249130207167,1.092612973873629,1.4263845006331346,0.926971614730946,1.2702358826892388,g) Species contaminants,NA,NA
Chum,1977,1.7164695224171382,2.3738077094986414,3.1880521768364574,1.9961701887500027,2.7668667666870688,g) Species contaminants,NA,NA
Coho,1977,0.41602658391518205,0.5457616709014877,0.711473998828691,0.464012472233561,0.6439117203876068,g) Species contaminants,NA,NA
Pink,1977,1.078153369877257,1.523021198809595,2.1063446533581986,1.2222681596570044,1.8637514291373178,g) Species contaminants,NA,NA
Sockeye,1977,2.5257087687850195,3.265180913487797,4.206913538460524,2.8432569000911947,3.8107365533804107,g) Species contaminants,NA,NA
Chinook,1977,521.0734319515502,626.228740406592,766.705090512577,561.8569720322002,705.2144816866268,e) Species nutrients,NA,NA
Chum,1977,2568.4534438379574,3072.6188880714417,3847.2438038259784,2748.8571418482143,3463.2096799135707,e) Species nutrients,NA,NA
Coho,1977,393.6179001261548,482.97335977952173,616.782504543036,426.9661972131718,556.3602510766829,e) Species nutrients,NA,NA
Pink,1977,3041.9778347379192,3576.5438370794463,4153.823761506232,3254.6296110596486,3883.4107102964617,e) Species nutrients,NA,NA
Sockeye,1977,3267.683154173164,3834.203328123617,4581.6499397039925,3498.81281083553,4239.087815738837,e) Species nutrients,NA,NA
Chinook,1978,0.8428431162323544,1.1061102610349685,1.4343155033064083,0.9491420758694027,1.279191155716231,g) Species contaminants,NA,NA
Chum,1978,1.7057863540013363,2.3458327822856946,3.1219017357635477,1.9928662835600843,2.7299307575925953,g) Species contaminants,NA,NA
Coho,1978,0.4418862162599493,0.5757044048165564,0.7410402411283071,0.49071398674363365,0.6699802763013306,g) Species contaminants,NA,NA
Pink,1978,1.0979494261594809,1.543170199229827,2.138356322703435,1.24670375524074,1.885462465023694,g) Species contaminants,NA,NA
Sockeye,1978,2.560214359018886,3.297300281722438,4.230525140763959,2.879572570748395,3.826751331642251,g) Species contaminants,NA,NA
Chinook,1978,536.7258403868982,637.7041934665945,774.1936376135505,573.8586079927304,713.6724923496255,e) Species nutrients,NA,NA
Chum,1978,2549.831795761851,3034.6192762977707,3774.8173843580303,2740.4169271744936,3416.5420617582954,e) Species nutrients,NA,NA
Coho,1978,415.6683945581252,505.90094095058953,638.0638923228403,449.6523373890632,576.95390762706,e) Species nutrients,NA,NA
Pink,1978,3104.6075352504654,3624.602275258485,4171.751069059766,3316.326335036259,3918.630937303974,e) Species nutrients,NA,NA
Sockeye,1978,3324.1953177374303,3858.5063496534885,4584.568712515641,3524.6467476430576,4237.189862801266,e) Species nutrients,NA,NA
Chinook,1979,0.867903914539301,1.127845163230889,1.4531208029994116,0.9625908825265751,1.3007401417569975,g) Species contaminants,NA,NA
Chum,1979,1.6842250399675684,2.332272680954929,3.1180268235232242,1.9906576590219593,2.7265522764141132,g) Species contaminants,NA,NA
Coho,1979,0.46573325644559144,0.6069325289480749,0.7756946319521939,0.5188742895389691,0.7058342127410288,g) Species contaminants,NA,NA
Pink,1979,1.1121423102297745,1.5660062503496646,2.17199708050587,1.2759081451820096,1.9066027522556237,g) Species contaminants,NA,NA
Sockeye,1979,2.5945977626430134,3.3274546226061528,4.237974243320845,2.9045812380070917,3.85712946132705,g) Species contaminants,NA,NA
Chinook,1979,549.2420408065482,649.2929303122561,777.2054052026684,586.9632170579325,726.3908588456595,e) Species nutrients,NA,NA
Chum,1979,2557.2117245732697,3014.641619005951,3758.5160121189515,2730.874621896391,3410.5764615868407,e) Species nutrients,NA,NA
Coho,1979,440.2593169722551,535.9645628679818,669.1108744943863,474.4800718977429,602.3034505484706,e) Species nutrients,NA,NA
Pink,1979,3171.360583480582,3665.4779286185767,4193.923989012605,3376.0198244577277,3969.4298876979888,e) Species nutrients,NA,NA
Sockeye,1979,3379.484451114928,3899.1474801183913,4586.25786681494,3578.8352080571876,4266.54072109498,e) Species nutrients,NA,NA
Chinook,1980,0.8848442750751365,1.1486754639439951,1.471992943513669,0.9852048014597975,1.3236222086495126,g) Species contaminants,NA,NA
Chum,1980,1.6904388795774752,2.3351825819506327,3.1197778843235278,1.994921184052222,2.743860904407286,g) Species contaminants,NA,NA
Coho,1980,0.4932744360589779,0.6409452894285755,0.8158668794688444,0.5495800593842797,0.7484959884033361,g) Species contaminants,NA,NA
Pink,1980,1.126755389258117,1.5903020079427626,2.201095173311655,1.2996648697460182,1.9337764089759943,g) Species contaminants,NA,NA
Sockeye,1980,2.633484168959069,3.3482935196920636,4.264404149604104,2.928279029138245,3.8797617352648053,g) Species contaminants,NA,NA
Chinook,1980,559.830849755717,663.1514477327414,785.7285999104053,598.6585628913535,742.8853885181028,e) Species nutrients,NA,NA
Chum,1980,2569.063500828435,3036.396049816388,3769.4520057265504,2743.546360114273,3413.5060010523994,e) Species nutrients,NA,NA
Coho,1980,466.0467278229472,563.1216952125005,702.0861819595594,503.8434919069174,637.7401957533891,e) Species nutrients,NA,NA
Pink,1980,3232.4632818386067,3727.399873992456,4242.46643545507,3424.86507036431,4013.3085419272984,e) Species nutrients,NA,NA
Sockeye,1980,3414.3071469513143,3930.4098762694284,4604.931820384546,3619.221185144165,4283.553381527144,e) Species nutrients,NA,NA
Chinook,1981,0.9056068613645154,1.1702336169965943,1.4917170637604267,1.0061991869378397,1.3482561218399542,g) Species contaminants,NA,NA
Chum,1981,1.7228733538382017,2.366363848030332,3.1212747759992463,2.009448034933816,2.7901516626281704,g) Species contaminants,NA,NA
Coho,1981,0.5232447247882619,0.6801553669690106,0.8641773334480785,0.5855576542731658,0.788204784859972,g) Species contaminants,NA,NA
Pink,1981,1.1461843574557382,1.6161311244380885,2.2455714896960557,1.319587076621953,1.9558654295707723,g) Species contaminants,NA,NA
Sockeye,1981,2.640317976153946,3.371322409059874,4.272434930946646,2.958528407329536,3.888456004768729,g) Species contaminants,NA,NA
Chinook,1981,568.4641815127137,674.1338391161355,801.7558531333879,613.1496275580068,753.0495418381308,e) Species nutrients,NA,NA
Chum,1981,2602.3575761628335,3065.0568574920612,3781.877330320087,2775.3336518660394,3430.4221261367775,e) Species nutrients,NA,NA
Coho,1981,497.67210542060354,596.0885182059687,740.1354347720896,535.3433773766261,672.9081260098549,e) Species nutrients,NA,NA
Pink,1981,3312.9614280384444,3785.7056213378246,4310.58452568687,3502.7734560630543,4081.9951337346824,e) Species nutrients,NA,NA
Sockeye,1981,3434.0721232519004,3951.4427689915965,4583.6964366824805,3644.8168906682454,4291.603590532912,e) Species nutrients,NA,NA
Chinook,1982,0.9244677954224713,1.1910306327144529,1.5139232773579319,1.0260504989193266,1.3723090354652876,g) Species contaminants,NA,NA
Chum,1982,1.7485587543491377,2.4050367090921014,3.1630829618250496,2.036780304065913,2.8239616195469814,g) Species contaminants,NA,NA
Coho,1982,0.5544337767227806,0.7174340807354037,0.9146786014279349,0.6189125248599943,0.8347858122808293,g) Species contaminants,NA,NA
Pink,1982,1.1719250787380457,1.644961884602614,2.2978005646016038,1.3407922794961182,1.9927039350215716,g) Species contaminants,NA,NA
Sockeye,1982,2.6564244986271635,3.3913259829829876,4.301587518799302,2.9579591424984297,3.8999207349481533,g) Species contaminants,NA,NA
Chinook,1982,579.24274416463,687.0517383297204,821.2530764830616,625.9208032924225,759.4272838945211,e) Species nutrients,NA,NA
Chum,1982,2640.6219899184553,3107.33004074373,3834.3048258660724,2820.5714938114265,3463.931881779626,e) Species nutrients,NA,NA
Coho,1982,527.5431975402897,628.6557049630583,778.7464760746827,565.762729474791,715.6254899907337,e) Species nutrients,NA,NA
Pink,1982,3373.9724795572315,3857.991195333698,4406.6490540743425,3576.1585198393154,4150.503970054075,e) Species nutrients,NA,NA
Sockeye,1982,3446.709460240895,3969.7906390202043,4578.657783988242,3662.802035455919,4308.799372815829,e) Species nutrients,NA,NA
Chinook,1983,0.9414225604348428,1.2157405144378903,1.5335886594756611,1.044880727420173,1.3999484338371309,g) Species contaminants,NA,NA
Chum,1983,1.784236540853824,2.448193272927003,3.217992382777168,2.066496097071533,2.8865577135088483,g) Species contaminants,NA,NA
Coho,1983,0.5859795680530004,0.7543003783527404,0.9603493198703149,0.6511949920227389,0.8758262513715064,g) Species contaminants,NA,NA
Pink,1983,1.1964294533713762,1.6723897338741802,2.3466565969740425,1.3632432557613403,2.0254232083028807,g) Species contaminants,NA,NA
Sockeye,1983,2.6605170269797744,3.394952814825623,4.303602659397866,2.9674125878660056,3.894436902735251,g) Species contaminants,NA,NA
Chinook,1983,591.5050626476155,698.8638427581468,836.2576015849656,638.5566588590954,771.5015924997592,e) Species nutrients,NA,NA
Chum,1983,2703.194952655725,3161.500926636551,3914.626030763074,2873.4020483175964,3522.6502381241953,e) Species nutrients,NA,NA
Coho,1983,554.5545251939615,662.0040658794061,821.794028251639,596.6278834367826,753.2141777412362,e) Species nutrients,NA,NA
Pink,1983,3450.875391588132,3938.7812575845423,4495.163013736391,3653.2329293660987,4228.635366347056,e) Species nutrients,NA,NA
Sockeye,1983,3461.346390135195,3980.0850088843704,4582.848465816326,3669.7626289283244,4320.125794361273,e) Species nutrients,NA,NA
Chinook,1984,0.9562197550939978,1.241502554873735,1.5615216063464294,1.0725743085152233,1.4249401179372863,g) Species contaminants,NA,NA
Chum,1984,1.8277387932817624,2.5039481743028125,3.2661650746592517,2.1146459292235678,2.944325799000158,g) Species contaminants,NA,NA
Coho,1984,0.6170001784348702,0.7881953423589152,1.00475854839167,0.6807023031312568,0.9128570240084105,g) Species contaminants,NA,NA
Pink,1984,1.226857381978339,1.7068628459097126,2.381615218672993,1.392177953033197,2.0667580998629322,g) Species contaminants,NA,NA
Sockeye,1984,2.652220078952184,3.4084809241458602,4.313479924269727,2.963246067628655,3.8932302942572807,g) Species contaminants,NA,NA
Chinook,1984,604.6863447297499,715.5666489603146,856.6326434811416,647.5924858679857,786.7922372386497,e) Species nutrients,NA,NA
Chum,1984,2760.9368340813858,3225.682961993776,3980.421149502094,2926.1321712051476,3616.4751584570067,e) Species nutrients,NA,NA
Coho,1984,581.8697640648322,691.3807722994952,861.0202906428933,629.0588020489649,784.2338899465981,e) Species nutrients,NA,NA
Pink,1984,3532.8803150478566,4021.8121188588652,4611.867629911082,3731.54828423862,4310.110024527541,e) Species nutrients,NA,NA
Sockeye,1984,3468.5965005901494,3973.025414995507,4581.1640347235025,3672.6585073548495,4320.450411301356,e) Species nutrients,NA,NA
Chinook,1985,0.9787852956363864,1.2679969881578064,1.5942252058648156,1.0918156488912396,1.4615845738758428,g) Species contaminants,NA,NA
Chum,1985,1.865471885563944,2.564560737383094,3.3424526327466073,2.14410732116224,2.9880680675800866,g) Species contaminants,NA,NA
Coho,1985,0.6404478735522757,0.8172988872780689,1.041425867329099,0.7058512962416914,0.9424492784233183,g) Species contaminants,NA,NA
Pink,1985,1.2479571872109567,1.7357561052249821,2.445193562175176,1.4245729340603075,2.109330992638903,g) Species contaminants,NA,NA
Sockeye,1985,2.661194572527056,3.4098561658961564,4.316097835223332,2.973419412358756,3.886235402980291,g) Species contaminants,NA,NA
Chinook,1985,617.3292600447301,731.8133478669578,878.1635450430526,658.2148341024865,803.0117922819231,e) Species nutrients,NA,NA
Chum,1985,2812.0495727150183,3287.5051405868135,4069.816709156281,2994.485697896346,3690.0247682655718,e) Species nutrients,NA,NA
Coho,1985,601.1716046216269,717.6676078085884,890.9896883836715,651.5484578549604,816.7774473307262,e) Species nutrients,NA,NA
Pink,1985,3597.152414397557,4098.253610047241,4712.128975202491,3808.7866850017326,4404.615294523578,e) Species nutrients,NA,NA
Sockeye,1985,3466.414656492529,3971.383610579991,4601.15969917438,3674.6697969599945,4327.969590084488,e) Species nutrients,NA,NA
Chinook,1986,1.0020248862339838,1.29789577863338,1.635818110664553,1.1139058495293017,1.498202214871202,g) Species contaminants,NA,NA
Chum,1986,1.8922003577897364,2.6019479585807805,3.39187589988911,2.1795687260269534,3.04342707372653,g) Species contaminants,NA,NA
Coho,1986,0.6546540314439271,0.8424022315865783,1.0704622347707764,0.7245892422543869,0.970691292006453,g) Species contaminants,NA,NA
Pink,1986,1.2771168739082601,1.781538780786069,2.4888205985541596,1.4537664447512257,2.15996185644399,g) Species contaminants,NA,NA
Sockeye,1986,2.669848932185145,3.411889532754329,4.3303118194964165,2.9770649813104013,3.8955426111068605,g) Species contaminants,NA,NA
Chinook,1986,634.0896815245499,748.1369851172292,899.3269267008621,675.8273921708252,822.2062103166023,e) Species nutrients,NA,NA
Chum,1986,2860.203275065758,3333.2249396510165,4125.278826678781,3049.179762327106,3747.7263812262236,e) Species nutrients,NA,NA
Coho,1986,618.9896497775068,742.0385745179736,915.6920217207759,671.6154616264797,838.6608784183154,e) Species nutrients,NA,NA
Pink,1986,3678.130963655347,4176.094949968763,4799.848937095834,3885.2024203979036,4499.791737835948,e) Species nutrients,NA,NA
Sockeye,1986,3461.4344968666546,3971.9009907352693,4603.58324858509,3681.530501879883,4327.674448924853,e) Species nutrients,NA,NA
Chinook,1987,1.0268981964427422,1.3344861547392988,1.6756011059014366,1.1405934970011231,1.5317059749914064,g) Species contaminants,NA,NA
Chum,1987,1.9132092832938645,2.6477673928957852,3.423925564565283,2.2080932291400357,3.086128917013916,g) Species contaminants,NA,NA
Coho,1987,0.6707360426431233,0.8656948661307979,1.0959824557484583,0.7432896749146323,0.9956316830448285,g) Species contaminants,NA,NA
Pink,1987,1.3078968546802505,1.81731105867089,2.541326935889013,1.481114974262407,2.195924371338847,g) Species contaminants,NA,NA
Sockeye,1987,2.6639123402509948,3.4138353828357144,4.326160079303003,2.973093797147118,3.897245035561359,g) Species contaminants,NA,NA
Chinook,1987,651.1271816074656,765.2406182420096,921.6130995716794,693.5268593159673,846.9629129120635,e) Species nutrients,NA,NA
Chum,1987,2896.225936994253,3381.115457061669,4197.050396433747,3085.456702003776,3798.5359975363153,e) Species nutrients,NA,NA
Coho,1987,634.9668053566054,758.5901970357006,935.3965735890615,684.369778883763,858.8096939632535,e) Species nutrients,NA,NA
Pink,1987,3757.1564867327115,4265.464099952984,4898.6564628787,3960.333207790194,4596.019927131472,e) Species nutrients,NA,NA
Sockeye,1987,3467.2128359427206,3981.188966819763,4606.355405568919,3688.4033903714626,4320.096620814007,e) Species nutrients,NA,NA
Chinook,1988,1.0636543109169376,1.3710846570203987,1.717029217639961,1.1722495497780212,1.5724665901934742,g) Species contaminants,NA,NA
Chum,1988,1.9403451591410692,2.687613559624417,3.4719946842630094,2.238986669083869,3.1206762624614024,g) Species contaminants,NA,NA
Coho,1988,0.6814987681595854,0.8824551372001108,1.1171463839477087,0.754855128876706,1.014955141590793,g) Species contaminants,NA,NA
Pink,1988,1.332711917241152,1.8518361062442894,2.5732200425865135,1.512725979379753,2.245738894512255,g) Species contaminants,NA,NA
Sockeye,1988,2.6743956312858717,3.4199680082174915,4.320317448300841,2.97016047002506,3.9017164234663713,g) Species contaminants,NA,NA
Chinook,1988,669.1637163792084,783.1483952250095,946.9232455912991,713.3900954994726,868.0135344078158,e) Species nutrients,NA,NA
Chum,1988,2931.3659537371086,3428.3797287937946,4251.101416015847,3118.7863299984883,3841.549315216303,e) Species nutrients,NA,NA
Coho,1988,647.9369300478313,769.0263463415388,954.33800740920606,695.6396923015247,873.8219567237909,e) Species nutrients,NA,NA
Pink,1988,3825.9701416451567,4355.057373342246,5018.211920292642,4043.944910025969,4695.5850528285355,e) Species nutrients,NA,NA
Sockeye,1988,3459.102778651909,3988.951287030618,4625.352049788853,3691.1169844741426,4318.959638947944,e) Species nutrients,NA,NA
Chinook,1989,1.091528578046724,1.4124633269723814,1.7664041420550034,1.203888700282365,1.6136104328175267,g) Species contaminants,NA,NA
Chum,1989,1.9598205855908584,2.71707560868955,3.5356231662087665,2.273611812254926,3.156432480106119,g) Species contaminants,NA,NA
Coho,1989,0.6885623300631208,0.8936519762028502,1.13383548792206,0.767003034848597,1.0341833680189683,g) Species contaminants,NA,NA
Pink,1989,1.3638394724800187,1.8928597222254109,2.613634523028221,1.5463406889002016,2.3039651467271094,g) Species contaminants,NA,NA
Sockeye,1989,2.693751633828492,3.4216447367341347,4.323504225001295,2.966716161035902,3.9040790645709404,g) Species contaminants,NA,NA
Chinook,1989,686.6294518280968,804.2928429922454,965.7543446019304,733.4009162699227,895.9407570775154,e) Species nutrients,NA,NA
Chum,1989,2958.0982326175417,3475.936422482824,4313.972240437007,3150.7920406753055,3895.730530089902,e) Species nutrients,NA,NA
Coho,1989,659.1074610626947,782.4561770789701,974.0907281073996,706.7469809045224,888.546242697958,e) Species nutrients,NA,NA
Pink,1989,3923.6377896960716,4450.219134499141,5112.810482301622,4126.532055034029,4782.801895916803,e) Species nutrients,NA,NA
Sockeye,1989,3461.9291824743136,3990.912458938097,4617.367329059768,3688.268494201634,4329.377117628737,e) Species nutrients,NA,NA
Chinook,1990,1.1240112835023743,1.4490962003891878,1.8254630868330062,1.2324968296659824,1.6531540626361259,g) Species contaminants,NA,NA
Chum,1990,1.993790300067163,2.7568038266862325,3.57329783365755,2.314923485460781,3.2138764440515377,g) Species contaminants,NA,NA
Coho,1990,0.6990323209753131,0.9051376851282292,1.1515413073509329,0.7771020681078586,1.043920242638496,g) Species contaminants,NA,NA
Pink,1990,1.3911460536071238,1.93606927315756,2.6623268381194283,1.5831960146149613,2.352781861594169,g) Species contaminants,NA,NA
Sockeye,1990,2.7055106390074455,3.4322746561077917,4.3339050482301715,2.96540182418664,3.9114593402058957,g) Species contaminants,NA,NA
Chinook,1990,706.368967190577,820.939861716494,993.3439588445015,750.6451058914743,919.8990323221119,e) Species nutrients,NA,NA
Chum,1990,3009.2020390307543,3526.8531423538525,4382.342826323726,3192.1675534670526,3959.6614070369374,e) Species nutrients,NA,NA
Coho,1990,667.3350952985319,792.0124164030191,990.9824330838577,716.1302106566492,899.2054772473272,e) Species nutrients,NA,NA
Pink,1990,3998.4649095300597,4536.168126941452,5202.1935708516785,4209.776302395977,4890.331098979336,e) Species nutrients,NA,NA
Sockeye,1990,3471.087330322133,3992.1232500137494,4658.3355547737465,3693.141574563894,4324.665219597837,e) Species nutrients,NA,NA
Chinook,1991,1.1516472256146264,1.4826167816485776,1.875697635308793,1.2602435289429108,1.6968509152281674,g) Species contaminants,NA,NA
Chum,1991,2.029623462831851,2.7974049688235567,3.640951906522599,2.3495721072889193,3.2756798165333203,g) Species contaminants,NA,NA
Coho,1991,0.7038628545824822,0.9115805387091802,1.1594387422249173,0.7846808344569894,1.0507462287035298,g) Species contaminants,NA,NA
Pink,1991,1.4310063613383854,1.978478035801187,2.711595741014859,1.6275439906639264,2.4058717793474544,g) Species contaminants,NA,NA
Sockeye,1991,2.6877990911585257,3.432325555748914,4.3360657551856585,2.973197836600257,3.9114084759708847,g) Species contaminants,NA,NA
Chinook,1991,722.2068753785958,843.3544338477132,1018.2980607806966,771.6465634267241,940.2922988191507,e) Species nutrients,NA,NA
Chum,1991,3064.9687692033062,3595.346130788604,4456.02181106277,3227.647934867462,4036.8801826818,e) Species nutrients,NA,NA
Coho,1991,672.7093642025168,799.0484157576676,1004.0203214308243,721.1735340080986,904.4744149033415,e) Species nutrients,NA,NA
Pink,1991,4073.9463693136713,4620.488563777837,5310.293024076676,4296.983201500762,5001.476515001967,e) Species nutrients,NA,NA
Sockeye,1991,3481.367596120343,4001.353993057913,4669.68891604466,3693.1790460876296,4332.5352651772455,e) Species nutrients,NA,NA
Chinook,1992,1.1793035242818781,1.5133756319992329,1.9144770391486121,1.290836539809872,1.7330896012118637,g) Species contaminants,NA,NA
Chum,1992,2.070752676376316,2.8585672835522233,3.703667591374104,2.3928451946856404,3.3481347584574555,g) Species contaminants,NA,NA
Coho,1992,0.7071706219771504,0.9149488242213675,1.1726055026612876,0.7930674981399266,1.0569352094358284,g) Species contaminants,NA,NA
Pink,1992,1.465485945468398,2.0236892687355934,2.793031663108207,1.6672930242999278,2.4643718293829457,g) Species contaminants,NA,NA
Sockeye,1992,2.6963777211368134,3.429640262762569,4.312488286408814,2.975442184727611,3.908024415915383,g) Species contaminants,NA,NA
Chinook,1992,738.3047618459755,869.2031701520925,1044.105495563436,788.7462224221297,964.7557723515878,e) Species nutrients,NA,NA
Chum,1992,3127.268483559363,3661.2523769926993,4551.0838403084535,3291.091258138619,4123.253199597754,e) Species nutrients,NA,NA
Coho,1992,673.9216994545527,803.0934198847204,1006.7118309988635,725.030035361458,905.4224292506949,e) Species nutrients,NA,NA
Pink,1992,4185.673347676782,4724.570724134015,5438.3010914448805,4416.441406143192,5117.384258590702,e) Species nutrients,NA,NA
Sockeye,1992,3476.542115590192,3996.588857725379,4652.784053334201,3692.8329143359324,4329.905598574125,e) Species nutrients,NA,NA
Chinook,1993,1.1942963565936886,1.5322501511448203,1.9542399285072651,1.3199852883293723,1.7712311820019186,g) Species contaminants,NA,NA
Chum,1993,2.117602938522926,2.931274353005506,3.7881659804539036,2.4597236623204193,3.431956621662322,g) Species contaminants,NA,NA
Coho,1993,0.7061699851543305,0.918121532584016,1.177256829438476,0.7959898962459216,1.0592432159452487,g) Species contaminants,NA,NA
Pink,1993,1.4907337561371463,2.067471814669312,2.841288719820204,1.7019488597848988,2.5392521816268108,g) Species contaminants,NA,NA
Sockeye,1993,2.691870106946254,3.4350537176480387,4.314737435922773,2.9766245290155826,3.9004131796520802,g) Species contaminants,NA,NA
Chinook,1993,756.2720644774292,882.9472488484391,1064.8472183677952,803.8322263235464,987.5884864243467,e) Species nutrients,NA,NA
Chum,1993,3203.0246093941087,3749.919769385444,4672.713275426648,3391.912990443424,4216.180069048126,e) Species nutrients,NA,NA
Coho,1993,673.5885069457909,805.848598269997,1003.849081702929,722.789860124728,908.7407827950135,e) Species nutrients,NA,NA
Pink,1993,4292.606916945076,4847.442667043071,5559.317743388969,4514.9483054210805,5243.743033046132,e) Species nutrients,NA,NA
Sockeye,1993,3473.3362550443003,4001.23402572386,4642.494713715681,3690.314579080905,4332.361041706779,e) Species nutrients,NA,NA
Chinook,1994,1.210495723721334,1.5623041797817012,1.995218552366986,1.3456097598188208,1.8026290695762037,g) Species contaminants,NA,NA
Chum,1994,2.190391581439688,3.000417117657685,3.902209875023922,2.528666081515735,3.505863274936884,g) Species contaminants,NA,NA
Coho,1994,0.7040357795274876,0.9151756780154661,1.170993878284658,0.7895376156405745,1.052709184836807,g) Species contaminants,NA,NA
Pink,1994,1.5111928655279836,2.1160509388225783,2.9125364468949058,1.7408931981223332,2.594468100262344,g) Species contaminants,NA,NA
Sockeye,1994,2.692098999687942,3.424375719439889,4.335234797919713,2.9664562624127626,3.8918150964179126,g) Species contaminants,NA,NA
Chinook,1994,769.1295202458994,898.1338193210338,1078.7293116171145,816.4389392243061,999.8577399489635,e) Species nutrients,NA,NA
Chum,1994,3279.2868027267373,3844.245247198873,4820.889011749582,3492.6850542917123,4336.719187622162,e) Species nutrients,NA,NA
Coho,1994,672.654919684185,802.248699634103,1000.8320505579803,718.3149012618161,901.853088648094,e) Species nutrients,NA,NA
Pink,1994,4404.850514889967,4949.847186679104,5691.20694967706,4633.9863825161065,5378.607739148114,e) Species nutrients,NA,NA
Sockeye,1994,3476.2235901235713,3998.8093247314355,4639.902297697412,3692.0349274918435,4336.126271883935,e) Species nutrients,NA,NA
Chinook,1995,1.2356659155810545,1.5854759739001785,2.033111377724421,1.363638068692269,1.8319704379298196,g) Species contaminants,NA,NA
Chum,1995,2.2451091722499483,3.0985674740538003,4.022385924526357,2.595877932384501,3.5961675084259137,g) Species contaminants,NA,NA
Coho,1995,0.700244308596307,0.9067349239597147,1.160766244532193,0.7827305306639255,1.0499672686163524,g) Species contaminants,NA,NA
Pink,1995,1.5569891762114474,2.163508270593408,2.9874613672442853,1.7769897391352878,2.657915812304383,g) Species contaminants,NA,NA
Sockeye,1995,2.673963179888213,3.422835785445602,4.338211600146557,2.966999749566467,3.8732984069777796,g) Species contaminants,NA,NA
Chinook,1995,778.2827233357878,913.0306158773187,1096.05342885083,826.9160573218464,1013.7527995822016,e) Species nutrients,NA,NA
Chum,1995,3380.440333388138,3959.0865100900073,4924.933089180143,3597.1488229747793,4452.71898425698,e) Species nutrients,NA,NA
Coho,1995,669.1215338661077,796.6992201999212,1001.2356841438667,714.9648052692171,894.9564129533915,e) Species nutrients,NA,NA
Pink,1995,4520.51924921665,5088.052451610931,5868.158865226022,4735.356093831888,5529.748166415102,e) Species nutrients,NA,NA
Sockeye,1995,3463.9505746014106,3989.22357622679,4630.9305615607545,3695.9337819282964,4329.738660956056,e) Species nutrients,NA,NA
Chinook,1996,1.240558313019816,1.602436256626538,2.058254971580302,1.3807637155201773,1.8530287994596155,g) Species contaminants,NA,NA
Chum,1996,2.3083457702577905,3.183549254574604,4.1306160590218255,2.667550473806756,3.698308479456159,g) Species contaminants,NA,NA
Coho,1996,0.6960302793249912,0.8979137078617039,1.1537609476355968,0.7755551930609094,1.0458142030556425,g) Species contaminants,NA,NA
Pink,1996,1.5970156098586907,2.2075164662025237,3.04744006856912,1.817288046044487,2.70968211030456,g) Species contaminants,NA,NA
Sockeye,1996,2.669936477531069,3.420420915395752,4.312239693458158,2.9758082878312813,3.869979884918739,g) Species contaminants,NA,NA
Chinook,1996,785.5182112877218,925.2125576165176,1106.08855095072,835.6804563914935,1028.5883297818461,e) Species nutrients,NA,NA
Chum,1996,3469.456949847153,4076.673543324901,5054.126130377503,3706.392512087213,4565.303181808786,e) Species nutrients,NA,NA
Coho,1996,663.1882410919808,792.7965975675427,990.6914561664204,708.4685187836924,890.334883325997,e) Species nutrients,NA,NA
Pink,1996,4630.8358217947525,5194.134645317128,6021.059304924998,4838.752893590998,5647.1698836386095,e) Species nutrients,NA,NA
Sockeye,1996,3449.0130498330877,3982.0871492395904,4630.281613552707,3691.633089993411,4323.90520900386,e) Species nutrients,NA,NA
Chinook,1997,1.2532159771349984,1.6123310454200594,2.0838632544560514,1.394580133172775,1.8681444076980427,g) Species contaminants,NA,NA
Chum,1997,2.3522637909269726,3.25288682450947,4.218862122885612,2.71282302141373,3.7905485088205335,g) Species contaminants,NA,NA
Coho,1997,0.6928372055354932,0.8929868839890203,1.1534425127055798,0.7731594330912517,1.0351621003724254,g) Species contaminants,NA,NA
Pink,1997,1.6339627399447,2.2536052616370537,3.125372517798037,1.8528217247166643,2.766398828074014,g) Species contaminants,NA,NA
Sockeye,1997,2.6618909835302293,3.4166112950657634,4.3095483171763656,2.981524216823996,3.865114052788607,g) Species contaminants,NA,NA
Chinook,1997,792.6327449001311,932.323265305808,1111.6912568037474,838.5317455390733,1036.6180757698248,e) Species nutrients,NA,NA
Chum,1997,3539.9846092965836,4164.906372946782,5153.995043734711,3780.427985367359,4680.274518398065,e) Species nutrients,NA,NA
Coho,1997,655.4003144302666,786.9963848829314,986.9040488788437,706.6383267983625,885.3029310831308,e) Species nutrients,NA,NA
Pink,1997,4733.895161708206,5316.133061798215,6157.007134419273,4930.662956937419,5788.499301256348,e) Species nutrients,NA,NA
Sockeye,1997,3457.2389032966394,3984.5494507934072,4618.348280142118,3694.057659793284,4313.895368038731,e) Species nutrients,NA,NA
Chinook,1998,1.2609705951548762,1.622564287698611,2.094431491960478,1.4018112880083289,1.8796510269274684,g) Species contaminants,NA,NA
Chum,1998,2.382706456238731,3.2990180675642278,4.248410779844747,2.748893914898741,3.851401155957784,g) Species contaminants,NA,NA
Coho,1998,0.6936826739197386,0.8908533881023806,1.1439482493845687,0.7734773185464789,1.038472218743384,g) Species contaminants,NA,NA
Pink,1998,1.6691453256525841,2.3169348295763017,3.2205144188969497,1.8915777783687007,2.841578748770541,g) Species contaminants,NA,NA
Sockeye,1998,2.648909120504024,3.4183745715824907,4.301359336159831,2.9822978050136637,3.8654778193166344,g) Species contaminants,NA,NA
Chinook,1998,796.8309834787486,935.5745801764059,1122.9831060317772,845.2093187082189,1040.161574654922,e) Species nutrients,NA,NA
Chum,1998,3590.718154275589,4222.708844074923,5184.919237548469,3838.280918233661,4741.240890825242,e) Species nutrients,NA,NA
Coho,1998,653.1404556087066,787.2872137423211,991.8753227992565,705.615601165551,882.3796124737792,e) Species nutrients,NA,NA
Pink,1998,4838.145597870068,5419.408583556683,6279.884796101179,5044.495695172646,5921.648873333609,e) Species nutrients,NA,NA
Sockeye,1998,3470.1769834165434,3992.217931596051,4614.91878191331,3697.784826159044,4317.750205119168,e) Species nutrients,NA,NA
Chinook,1999,1.2638377952662743,1.6236707337837275,2.091465155704392,1.4036263623472645,1.8909103185933491,g) Species contaminants,NA,NA
Chum,1999,2.3957098392115665,3.291302415283412,4.26560227538836,2.749855038161971,3.8668327020314255,g) Species contaminants,NA,NA
Coho,1999,0.6954611856068587,0.8920116303838875,1.151431293992664,0.7726575096260173,1.0354846335511074,g) Species contaminants,NA,NA
Pink,1999,1.6928356834510703,2.3610704788997534,3.2750177693180675,1.920818146360035,2.898015469461177,g) Species contaminants,NA,NA
Sockeye,1999,2.652563669427997,3.4075388231214117,4.2991283281437935,2.9833303007594787,3.8740803513979456,g) Species contaminants,NA,NA
Chinook,1999,804.3712802090655,939.4317861814038,1132.2596091364537,848.6249432969045,1044.9377881227574,e) Species nutrients,NA,NA
Chum,1999,3602.8569355740146,4236.85103930331,5221.004138437389,3845.589984728892,4744.235190098047,e) Species nutrients,NA,NA
Coho,1999,656.545056814045,787.7234418402788,991.3697635645062,705.8107637702789,887.7165730272786,e) Species nutrients,NA,NA
Pink,1999,4920.279233177905,5527.245358820795,6392.402421864628,5128.883196113127,6026.573061589929,e) Species nutrients,NA,NA
Sockeye,1999,3480.9215550660906,3990.2648975319817,4627.608067346944,3682.506041624129,4335.3807540187745,e) Species nutrients,NA,NA
Chinook,2000,1.2642787688750396,1.6210070349385197,2.0831603424947716,1.404485434847356,1.8881476472627492,g) Species contaminants,NA,NA
Chum,2000,2.361055954602888,3.2674156644690235,4.2264661458320845,2.7288824247969377,3.8519542648223832,g) Species contaminants,NA,NA
Coho,2000,0.6964035603656078,0.9000713895110258,1.155758275871764,0.7749615758075754,1.0414216835935717,g) Species contaminants,NA,NA
Pink,2000,1.7227873486628384,2.3997559641879374,3.3260330358019385,1.9464602966179334,2.9432484974636113,g) Species contaminants,NA,NA
Sockeye,2000,2.6522326211992646,3.4116426623557317,4.308163063930734,2.9944597311202976,3.876517701703654,g) Species contaminants,NA,NA
Chinook,2000,804.6087885109487,934.6559981270555,1131.7362388893405,853.7720744751083,1045.485116930877,e) Species nutrients,NA,NA
Chum,2000,3580.201391655534,4222.995695428366,5194.82800287781,3818.5317276270453,4696.954022174975,e) Species nutrients,NA,NA
Coho,2000,659.4747446724676,789.7710471943428,999.3072369687407,707.8301506007762,899.6478028371015,e) Species nutrients,NA,NA
Pink,2000,4988.211203563844,5619.054727665351,6499.666286834013,5225.4888468202635,6110.552119866118,e) Species nutrients,NA,NA
Sockeye,2000,3475.858965592094,3988.1470899582946,4621.352921674095,3672.0524440754343,4324.203243162065,e) Species nutrients,NA,NA
Chinook,2001,1.2589319383947617,1.6148201862958285,2.0659144247381516,1.3945159656407227,1.877827099739267,g) Species contaminants,NA,NA
Chum,2001,2.3241176825731,3.2306201464749904,4.181236161963685,2.68341295290704,3.7809720737564714,g) Species contaminants,NA,NA
Coho,2001,0.7043914670020044,0.9063339780583134,1.1548839940124997,0.7813099734599839,1.0496904081058864,g) Species contaminants,NA,NA
Pink,2001,1.7405106279279843,2.4266595468435774,3.3773733896365243,1.9745375220178614,2.983624099251231,g) Species contaminants,NA,NA
Sockeye,2001,2.643123215895936,3.411582616337507,4.3067514788414325,2.9918609632931212,3.8809206469210746,g) Species contaminants,NA,NA
Chinook,2001,797.0145934755642,930.85363379982,1133.8656886077047,846.0168777807046,1036.4561961466031,e) Species nutrients,NA,NA
Chum,2001,3537.3515400199813,4153.190130044321,5105.763002600905,3761.8768956769654,4597.532282605557,e) Species nutrients,NA,NA
Coho,2001,660.2599337198618,793.1748371842541,1006.4979110302281,712.813102144331,901.3865122367548,e) Species nutrients,NA,NA
Pink,2001,5035.7050496311385,5696.621567712038,6602.521440577729,5302.408454050857,6211.805859470539,e) Species nutrients,NA,NA
Sockeye,2001,3476.120023161165,3989.235914346298,4626.3236199843195,3668.2774320519266,4330.7292749725975,e) Species nutrients,NA,NA
Chinook,2002,1.2435411337111095,1.5907470831157835,2.0513966518649474,1.3780605218203479,1.8560304851904619,g) Species contaminants,NA,NA
Chum,2002,2.279217239139638,3.1581408588336606,4.092416818044098,2.6419893469837805,3.702219817198416,g) Species contaminants,NA,NA
Coho,2002,0.7041748043709204,0.9114551340422338,1.1537684321729276,0.7851239537393652,1.0549792731230907,g) Species contaminants,NA,NA
Pink,2002,1.7550882576931592,2.453067172895017,3.425330529675862,2.0009596250721353,3.008430523113627,g) Species contaminants,NA,NA
Sockeye,2002,2.63594246223357,3.4027252293481305,4.314238697961307,2.988834128870112,3.878814500547666,g) Species contaminants,NA,NA
Chinook,2002,785.5275007876404,921.3354902536345,1125.777029293572,837.7077293106704,1019.2390097347718,e) Species nutrients,NA,NA
Chum,2002,3463.1989822090927,4059.2787279745153,5005.203059857622,3676.7174308318,4496.862534822276,e) Species nutrients,NA,NA
Coho,2002,660.1876789812965,796.9972873793247,1007.4700386564618,714.2194423348772,909.0617174179624,e) Species nutrients,NA,NA
Pink,2002,5080.774031223306,5771.742093743924,6654.327688160835,5380.097115091865,6273.507404632088,e) Species nutrients,NA,NA
Sockeye,2002,3474.3195371784923,3983.9344902027606,4614.25330323425,3664.6995813432395,4334.6913708690245,e) Species nutrients,NA,NA
Chinook,2003,1.2215272990733066,1.565900864908987,2.012106875839518,1.347526294987889,1.8174479820420408,g) Species contaminants,NA,NA
Chum,2003,2.2314770971033937,3.063901770582552,3.9863264882992646,2.5799024177205467,3.604640814462564,g) Species contaminants,NA,NA
Coho,2003,0.6991687766369782,0.9084420316220577,1.1494019051395372,0.7814588298563413,1.0486918219519663,g) Species contaminants,NA,NA
Pink,2003,1.7691342566556534,2.469183268659825,3.44524306373924,2.0327234376169647,3.0400813075270907,g) Species contaminants,NA,NA
Sockeye,2003,2.6336392400466755,3.4051777814786064,4.286010555597944,2.96848486499486,3.869636478755897,g) Species contaminants,NA,NA
Chinook,2003,769.0813843848213,901.0781507395043,1093.92881109138,823.3532920696161,998.4227710504691,e) Species nutrients,NA,NA
Chum,2003,3381.5832653322113,3961.7878965203427,4887.742711165852,3586.280035510494,4384.620014778011,e) Species nutrients,NA,NA
Coho,2003,660.660778800807,797.9505777100746,999.8867669216789,712.1286167973535,908.6744044772281,e) Species nutrients,NA,NA
Pink,2003,5118.359588378121,5823.482134467663,6682.1225359145665,5425.759226068418,6326.612449367846,e) Species nutrients,NA,NA
Sockeye,2003,3468.040098405989,3978.1510464617327,4600.503678405431,3654.0440586117443,4337.28721900269,e) Species nutrients,NA,NA
Chinook,2004,1.1827520868167738,1.521662287618489,1.9398796727892058,1.3132873971243222,1.764807677094081,g) Species contaminants,NA,NA
Chum,2004,2.186425049429513,2.9900185648807653,3.8942264951843115,2.51155075615735,3.510012454848271,g) Species contaminants,NA,NA
Coho,2004,0.6938913160477976,0.9039440750726878,1.1430895661301146,0.7795672532750579,1.0436828194095606,g) Species contaminants,NA,NA
Pink,2004,1.7764903197917266,2.474613634075788,3.469973191235607,2.0472519847788146,3.062016901519831,g) Species contaminants,NA,NA
Sockeye,2004,2.6379776186761035,3.3966969067208517,4.27972442748348,2.9743073985216775,3.870143886970123,g) Species contaminants,NA,NA
Chinook,2004,748.5956601857431,875.8399432771957,1057.7015713591245,799.4461068880548,972.1806660216832,e) Species nutrients,NA,NA
Chum,2004,3290.987029653766,3860.6076240038556,4738.481080884557,3488.375319298543,4287.597490900493,e) Species nutrients,NA,NA
Coho,2004,660.2279235079628,792.2277211639148,992.6713743450495,711.8188913027607,897.4666641731418,e) Species nutrients,NA,NA
Pink,2004,5156.104812958291,5874.761714949465,6726.009311206588,5468.807721819988,6365.812678978826,e) Species nutrients,NA,NA
Sockeye,2004,3447.6463882180115,3967.9400842642294,4588.953340892224,3645.085749126015,4320.605977680651,e) Species nutrients,NA,NA
Chinook,2005,1.1348105082526225,1.4674135329567097,1.86539274658967,1.2705861455871732,1.704913780589669,g) Species contaminants,NA,NA
Chum,2005,2.136913299856496,2.902789218937315,3.7970289767325585,2.4473797749877404,3.4312106056281624,g) Species contaminants,NA,NA
Coho,2005,0.6908833315270846,0.893442284737974,1.1403511176432561,0.7692867048212868,1.033597127071215,g) Species contaminants,NA,NA
Pink,2005,1.7839008358555435,2.478763093377247,3.4832100385450886,2.058988875799222,3.069823995683464,g) Species contaminants,NA,NA
Sockeye,2005,2.6341904985398505,3.3867798440722474,4.2744178907520665,2.9568437988118226,3.8587630262840866,g) Species contaminants,NA,NA
Chinook,2005,723.5060820843419,844.9105944725268,1017.4860402295614,767.9695318116603,936.686422430764,e) Species nutrients,NA,NA
Chum,2005,3205.184107844292,3747.569193719979,4594.523393310066,3397.5913415396703,4210.112736397671,e) Species nutrients,NA,NA
Coho,2005,654.6345919306386,784.3537274212864,990.2086285741506,704.8304927866831,889.8285108269082,e) Species nutrients,NA,NA
Pink,2005,5173.789067740923,5908.310350946633,6739.330581259784,5491.039843935965,6400.352153371943,e) Species nutrients,NA,NA
Sockeye,2005,3431.2794151339076,3964.562888945114,4553.078313695207,3642.125740038846,4305.464885677614,e) Species nutrients,NA,NA
Chinook,2006,1.083833439557215,1.4025008962592909,1.7933980186843674,1.2271419749440988,1.641256071951486,g) Species contaminants,NA,NA
Chum,2006,2.081742315685308,2.8252552722457587,3.7094588977779446,2.372589540663977,3.3394730665662107,g) Species contaminants,NA,NA
Coho,2006,0.68583496001095,0.8836063931801518,1.1245545287252139,0.7572366463269146,1.0196912443986947,g) Species contaminants,NA,NA
Pink,2006,1.7851251887051798,2.495116180930811,3.4927055160294787,2.07316543369572,3.080530514303477,g) Species contaminants,NA,NA
Sockeye,2006,2.6229564901733315,3.3689843626068923,4.249004085937561,2.948209140268295,3.845679881548913,g) Species contaminants,NA,NA
Chinook,2006,697.1509462726826,809.7844326146842,972.5655662854958,738.2321413062599,901.8496360260269,e) Species nutrients,NA,NA
Chum,2006,3115.889515332217,3643.4432116660046,4485.62526050294,3309.7893099774105,4099.790873203511,e) Species nutrients,NA,NA
Coho,2006,647.975909013262,774.7500945048085,972.9341830383977,695.7140004924951,881.1565854763118,e) Species nutrients,NA,NA
Pink,2006,5185.8267146853805,5925.873084948647,6754.7674635565645,5495.689100578517,6413.249173948481,e) Species nutrients,NA,NA
Sockeye,2006,3398.4427623499373,3955.4823137610283,4539.115252814056,3627.586726873224,4283.066289202648,e) Species nutrients,NA,NA
Chinook,2007,1.0329344530553288,1.346222720830193,1.7234859621841279,1.1732855027112987,1.5725129551572423,g) Species contaminants,NA,NA
Chum,2007,2.0265188802761114,2.7519772723129963,3.6321338366762763,2.32119033034248,3.2682454197363744,g) Species contaminants,NA,NA
Coho,2007,0.6765378847816301,0.8708785772951632,1.1090714134274302,0.7482927799833323,1.0091447208433457,g) Species contaminants,NA,NA
Pink,2007,1.7920295402302964,2.5121990174766085,3.483522902578035,2.08007632985552,3.0886646668127455,g) Species contaminants,NA,NA
Sockeye,2007,2.605940900224325,3.3579846859497895,4.228082379273208,2.931690832427409,3.8302159172659587,g) Species contaminants,NA,NA
Chinook,2007,663.2014963460482,775.2984513170255,930.2179691452592,703.4442415542082,865.3942017259192,e) Species nutrients,NA,NA
Chum,2007,3039.9423172393226,3549.6988506678254,4356.548967593134,3225.7846093374037,3992.6670390484605,e) Species nutrients,NA,NA
Coho,2007,639.9105040546334,765.3607025025864,957.6871459871952,686.8683461716249,861.0966394596992,e) Species nutrients,NA,NA
Pink,2007,5184.9571912866495,5955.012517576682,6782.06648936144,5505.741535962022,6442.11138340093,e) Species nutrients,NA,NA
Sockeye,2007,3386.689785290338,3938.7172791620565,4529.624280474216,3617.9028650783293,4276.645473790901,e) Species nutrients,NA,NA
Chinook,2008,0.9894665363181935,1.2949793343558678,1.6528872098416671,1.118086284367522,1.5000582865239627,g) Species contaminants,NA,NA
Chum,2008,1.9747153267809683,2.6790385542033146,3.5337417987757482,2.2575155680526815,3.183648590815383,g) Species contaminants,NA,NA
Coho,2008,0.6677071247346673,0.8575014349649235,1.1009957924488887,0.736395611384425,0.9969950768142444,g) Species contaminants,NA,NA
Pink,2008,1.7946640111126828,2.5203400577524144,3.4898879879762914,2.081672034446197,3.0947768297794074,g) Species contaminants,NA,NA
Sockeye,2008,2.6006404431969212,3.347016775480867,4.208290593775645,2.9221723001173805,3.8246346207216435,g) Species contaminants,NA,NA
Chinook,2008,633.5234272608345,743.024500662173,897.9686597242088,671.8890194630746,825.3122533284247,e) Species nutrients,NA,NA
Chum,2008,2965.626156131533,3462.0923331468894,4268.423575883872,3147.4259965344813,3898.1925247292784,e) Species nutrients,NA,NA
Coho,2008,632.3015477761403,756.4326998347581,945.0785516395889,675.9306596855624,845.6655242409428,e) Species nutrients,NA,NA
Pink,2008,5182.303978101878,5970.460258410606,6810.312932725339,5522.579846536879,6458.530556467511,e) Species nutrients,NA,NA
Sockeye,2008,3381.656651717765,3926.029927640253,4514.51287268899,3601.7399353427827,4279.3844736425435,e) Species nutrients,NA,NA
Chinook,2009,0.9429952162439252,1.2420791391953996,1.5848207791740423,1.0659179468211446,1.4336576084298018,g) Species contaminants,NA,NA
Chum,2009,1.9378020575886934,2.625137825659532,3.447815328150777,2.2069854650690486,3.106999185415886,g) Species contaminants,NA,NA
Coho,2009,0.6583941451190927,0.8474011402224488,1.0875611575415989,0.7313612113253638,0.9807166194561537,g) Species contaminants,NA,NA
Pink,2009,1.8004854435227573,2.5303048381734836,3.4980657644279654,2.089102954299396,3.105708733846569,g) Species contaminants,NA,NA
Sockeye,2009,2.5969415564519105,3.334574665661872,4.215167141969289,2.92909557672288,3.823163454736598,g) Species contaminants,NA,NA
Chinook,2009,603.752766133147,708.372106058298,866.5938136195871,645.7193163578875,790.1264468763459,e) Species nutrients,NA,NA
Chum,2009,2903.7045006730464,3403.983824877587,4211.303812372936,3080.0735941562016,3821.83796781801,e) Species nutrients,NA,NA
Coho,2009,623.7030206670671,749.0575344429973,931.8434838144722,669.3336330126199,832.4131348893072,e) Species nutrients,NA,NA
Pink,2009,5162.990549809118,5984.868683053378,6867.2142653470055,5540.185000635123,6495.574418818867,e) Species nutrients,NA,NA
Sockeye,2009,3366.1410982978073,3907.5238666279433,4519.215109450334,3600.4370911711226,4263.764446162113,e) Species nutrients,NA,NA
Chinook,2010,0.9095260432292689,1.1927164496810048,1.5321157378449128,1.0224438589995608,1.3790116012057791,g) Species contaminants,NA,NA
Chum,2010,1.9074563059037304,2.5915411560794155,3.3870199354264257,2.173559412762015,3.052319145296257,g) Species contaminants,NA,NA
Coho,2010,0.6512304229391491,0.8396265316123958,1.0749996068325742,0.7255022065742043,0.9696200805533686,g) Species contaminants,NA,NA
Pink,2010,1.810102374269101,2.5430207038275245,3.5169835742088233,2.0934400385051526,3.124992001048117,g) Species contaminants,NA,NA
Sockeye,2010,2.601069935043078,3.3285714014831207,4.210498467190536,2.9289124250814895,3.8053841415122864,g) Species contaminants,NA,NA
Chinook,2010,577.2656141372694,681.0140942146647,836.5908396322254,620.2416871117094,761.4944763451692,e) Species nutrients,NA,NA
Chum,2010,2851.554914090614,3359.985251631697,4172.352570598483,3029.570035639373,3770.3403297286723,e) Species nutrients,NA,NA
Coho,2010,614.8844691198669,741.1415085223356,918.8595609582073,662.9261617776675,821.3767662973945,e) Species nutrients,NA,NA
Pink,2010,5172.410214897314,6013.6352076609655,6905.641981491462,5538.775903427641,6530.086225174391,e) Species nutrients,NA,NA
Sockeye,2010,3359.959402728444,3907.4116599888666,4532.265211057094,3579.334309951806,4286.333751053275,e) Species nutrients,NA,NA
Chinook,2011,0.8738296717494256,1.149281333347811,1.4764901720686812,0.9851987354679987,1.340215744668024,g) Species contaminants,NA,NA
Chum,2011,1.8880892835779632,2.567362808188726,3.367996179441814,2.1465178119374073,3.0151662290144947,g) Species contaminants,NA,NA
Coho,2011,0.6407969507100005,0.8260441158958488,1.0654370374552795,0.7126616143427131,0.9616887139192486,g) Species contaminants,NA,NA
Pink,2011,1.808284598808124,2.5518934516893985,3.5581111483459247,2.108053998480621,3.1440248492935625,g) Species contaminants,NA,NA
Sockeye,2011,2.606874787325596,3.327777810840377,4.208710308254112,2.9203989863721915,3.82374801722155,g) Species contaminants,NA,NA
Chinook,2011,556.1254532802308,657.0425454320634,810.2960912569691,594.5025564197047,738.6725692786702,e) Species nutrients,NA,NA
Chum,2011,2813.1319177333226,3324.9610667404368,4145.04092808749,3002.5247806466705,3741.712630519249,e) Species nutrients,NA,NA
Coho,2011,604.3013477534736,734.4303321644138,911.3369142090709,655.3505392397062,813.774576979294,e) Species nutrients,NA,NA
Pink,2011,5190.759157917926,6043.186525070791,6989.576775251599,5559.196116771742,6562.612272960348,e) Species nutrients,NA,NA
Sockeye,2011,3350.768236077204,3908.9220909098713,4558.902334406425,3564.1512023863916,4291.374270329014,e) Species nutrients,NA,NA
Chinook,2012,0.8465912301525416,1.1118423208393171,1.4370000435236951,0.9504073143823552,1.298463353090119,g) Species contaminants,NA,NA
Chum,2012,1.8644894790663642,2.559744648866373,3.3750832619516777,2.145810776839067,3.0019844523305297,g) Species contaminants,NA,NA
Coho,2012,0.6350467423133972,0.8189264362477637,1.0496259457764874,0.7053795788738085,0.9548939490837622,g) Species contaminants,NA,NA
Pink,2012,1.8283166430839815,2.5730203852185314,3.5970828195270244,2.1273476033435443,3.170450731479739,g) Species contaminants,NA,NA
Sockeye,2012,2.6007739952558904,3.334967980894526,4.24046883544487,2.8989791305114267,3.8361328425105743,g) Species contaminants,NA,NA
Chinook,2012,532.014541287426,640.2635954734366,792.3302466498774,574.7731084472116,718.753455432505,e) Species nutrients,NA,NA
Chum,2012,2789.572612169678,3310.6326922538856,4146.802282156872,2984.7454256718474,3738.678343188066,e) Species nutrients,NA,NA
Coho,2012,597.9168733571794,724.1059763320438,899.182870862576,647.0576513009095,803.1163517076382,e) Species nutrients,NA,NA
Pink,2012,5239.575206641789,6084.569107152332,7063.106380480279,5592.24797260602,6624.441001913726,e) Species nutrients,NA,NA
Sockeye,2012,3340.592252014219,3919.3319592147604,4588.902563864929,3566.594022658545,4292.99314686805,e) Species nutrients,NA,NA
Chinook,2013,0.8200270612321998,1.081119608622704,1.4145088317362324,0.9186788204585341,1.2713728589248598,g) Species contaminants,NA,NA
Chum,2013,1.8608468241464717,2.568047106770436,3.393038253015225,2.1415354072417996,3.0223152026388624,g) Species contaminants,NA,NA
Coho,2013,0.6273554817463216,0.8090468831050646,1.0368278011960372,0.6959943801721132,0.9469363930775345,g) Species contaminants,NA,NA
Pink,2013,1.8454633676381635,2.6052176788683625,3.6592042568611234,2.146608650848189,3.198788729217342,g) Species contaminants,NA,NA
Sockeye,2013,2.6098226932703925,3.3412378889797094,4.253442531785352,2.9043021410606746,3.8499789418056425,g) Species contaminants,NA,NA
Chinook,2013,509.7290672648577,620.5066507906308,779.3433495099107,552.1106635350693,702.8062833158062,e) Species nutrients,NA,NA
Chum,2013,2772.98431754965,3316.136187614795,4155.736406749337,2989.8157768416936,3766.1087313254657,e) Species nutrients,NA,NA
Coho,2013,589.1965106071773,715.4370646896178,896.3140294333509,641.1810365208123,802.0138814945373,e) Species nutrients,NA,NA
Pink,2013,5261.164567813881,6152.726178221076,7144.422267908825,5648.467479153367,6729.390652251112,e) Species nutrients,NA,NA
Sockeye,2013,3327.1478507490915,3921.3213987149093,4636.59668030803,3556.146330790619,4313.940789919012,e) Species nutrients,NA,NA
Chinook,2014,0.7927202899427918,1.0438656627968632,1.3997061420345882,0.8859589943130093,1.2459514837678043,g) Species contaminants,NA,NA
Chum,2014,1.869230816063879,2.586832887731498,3.4497003794655634,2.1579430720811175,3.0733492152649733,g) Species contaminants,NA,NA
Coho,2014,0.6150377361997075,0.8029983561406435,1.034778822576277,0.6842722193011975,0.9362251910005318,g) Species contaminants,NA,NA
Pink,2014,1.874400176863407,2.624308065452519,3.7028846684498053,2.1717829245289546,3.2313069347664367,g) Species contaminants,NA,NA
Sockeye,2014,2.6258136173181037,3.3487032840666267,4.2798756677832515,2.9029948851975558,3.863951065718063,g) Species contaminants,NA,NA
Chinook,2014,491.25917179631995,604.7027761620955,774.83037910644,531.3403990251359,689.4015848223456,e) Species nutrients,NA,NA
Chum,2014,2782.7622172635542,3358.6506105581902,4258.856405705032,3003.4301422423173,3843.0018975426874,e) Species nutrients,NA,NA
Coho,2014,579.3652503921713,705.1168093377353,895.2226553311807,627.0114954634092,796.4518698520368,e) Species nutrients,NA,NA
Pink,2014,5297.576534901416,6229.817125540558,7267.215363483622,5698.538456350023,6831.684126757649,e) Species nutrients,NA,NA
Sockeye,2014,3317.9612360468586,3926.2154828187818,4687.144338649083,3549.9627472152233,4348.709260161404,e) Species nutrients,NA,NA
Chinook,2015,0.7541072271374324,1.0191924047343193,1.3900833307744083,0.859852354658732,1.2310011214454437,g) Species contaminants,NA,NA
Chum,2015,1.905001935454011,2.6589657590321583,3.5273181299592555,2.171880863713893,3.1553024879273974,g) Species contaminants,NA,NA
Coho,2015,0.5999005321651213,0.7943735633590426,1.0345950423211208,0.6734292580121952,0.9281510664620254,g) Species contaminants,NA,NA
Pink,2015,1.8980902532450843,2.65799682111233,3.750621855740733,2.19012647422667,3.273639203644871,g) Species contaminants,NA,NA
Sockeye,2015,2.6159926075292588,3.3567217276060446,4.308687448447684,2.89820417932585,3.902150558975243,g) Species contaminants,NA,NA
Chinook,2015,467.04595706525066,587.8010821228261,767.81712446373,514.307004471064,679.6676396707594,e) Species nutrients,NA,NA
Chum,2015,2794.310994460705,3420.2530660594857,4396.798589640951,3032.0098724311274,3935.496623777537,e) Species nutrients,NA,NA
Coho,2015,568.9024034625564,697.5698817315003,894.3790389575546,615.7822313605882,799.5385476492409,e) Species nutrients,NA,NA
Pink,2015,5323.78352254733,6320.778910362045,7451.867007733094,5718.581132224325,6962.942617240715,e) Species nutrients,NA,NA
Sockeye,2015,3297.8730517467843,3952.058252138354,4741.462821427141,3548.7598511924534,4403.6344212723525,e) Species nutrients,NA,NA
Chinook,1976,10567.38650847147,12509.792640422982,14542.183745254848,11307.425938228123,13674.218262154669,c) Species returns,All Regions,Species
Chinook,1977,10948.019413893493,12700.015249410313,14453.532715548898,11627.145212704363,13707.974223621906,c) Species returns,All Regions,Species
Chinook,1978,11307.335363933962,12853.15973503513,14519.170656470647,11921.756336583469,13818.301661625677,c) Species returns,All Regions,Species
Chinook,1979,11618.206210269893,13099.57319074868,14657.620146103369,12238.413551706592,13964.672577252306,c) Species returns,All Regions,Species
Chinook,1980,11951.721207383755,13306.218020013584,14829.06201609562,12532.417304050907,14172.538706455614,c) Species returns,All Regions,Species
Chinook,1981,12272.411652250317,13547.808274700725,15047.018978210608,12789.589753108994,14387.675601517378,c) Species returns,All Regions,Species
Chinook,1982,12555.172152204696,13778.449077386831,15171.856733131763,13035.435581140267,14627.49254306503,c) Species returns,All Regions,Species
Chinook,1983,12809.60743199978,14051.702970394315,15503.170554955892,13296.601246275291,14856.40162195939,c) Species returns,All Regions,Species
Chinook,1984,13082.438798435407,14326.364817384921,15810.590828284228,13596.025216229911,15161.642657680904,c) Species returns,All Regions,Species
Chinook,1985,13381.479731040321,14617.871827635645,16136.530124209963,13892.809354354718,15497.303100194455,c) Species returns,All Regions,Species
Chinook,1986,13711.677426455179,14992.790296041825,16534.724901714802,14218.423701896996,15862.107296072036,c) Species returns,All Regions,Species
Chinook,1987,14064.287023959789,15421.130087679445,16925.91752320768,14573.364042765088,16260.75408832629,c) Species returns,All Regions,Species
Chinook,1988,14394.45533824425,15857.4908874299,17387.340772357078,14955.357673834915,16720.530615436175,c) Species returns,All Regions,Species
Chinook,1989,14806.301465797165,16273.326195866213,17919.335135338468,15339.46040414543,17172.168496203733,c) Species returns,All Regions,Species
Chinook,1990,15253.086163170454,16653.049466802135,18338.540969415375,15807.392938611116,17636.65907386907,c) Species returns,All Regions,Species
Chinook,1991,15610.738334011015,17037.26702313099,18792.073650892507,16205.468071284831,18123.166372467713,c) Species returns,All Regions,Species
Chinook,1992,15937.096855501706,17449.72457224003,19280.95353954261,16513.37048646307,18519.81969649267,c) Species returns,All Regions,Species
Chinook,1993,16230.745291968593,17788.93298742055,19629.1920116878,16852.631956133664,18893.48016308811,c) Species returns,All Regions,Species
Chinook,1994,16454.9619090546,18102.424547514634,20031.78322118691,17093.814342715108,19195.332860034225,c) Species returns,All Regions,Species
Chinook,1995,16638.486067313508,18353.261772528524,20383.812391294625,17320.527158330617,19487.448679614165,c) Species returns,All Regions,Species
Chinook,1996,16855.523495325582,18548.220471494227,20617.661554937677,17504.8026771634,19685.039880187505,c) Species returns,All Regions,Species
Chinook,1997,16931.586594508914,18745.289862010668,20706.342938944515,17670.190988533366,19877.47876977248,c) Species returns,All Regions,Species
Chinook,1998,17050.554280584278,18832.09150375577,20862.685156918404,17772.03795986886,20036.222016483596,c) Species returns,All Regions,Species
Chinook,1999,17129.478127001457,18902.752541286154,21020.56651792334,17859.904057341442,20059.46211368756,c) Species returns,All Regions,Species
Chinook,2000,17106.69307725295,18905.677632757994,21075.041919778196,17819.07353629446,20101.875686484364,c) Species returns,All Regions,Species
Chinook,2001,16965.70262143582,18841.650963421536,21045.02536076618,17652.07076996599,19994.63544042459,c) Species returns,All Regions,Species
Chinook,2002,16730.6889299709,18608.690198626995,20694.045221884568,17361.35403437829,19755.33943652726,c) Species returns,All Regions,Species
Chinook,2003,16432.233050804047,18182.76844955182,20244.783232470498,17019.593259555048,19318.825234709002,c) Species returns,All Regions,Species
Chinook,2004,15999.244947460187,17624.537483580854,19645.900862581777,16574.34036767402,18767.995090064323,c) Species returns,All Regions,Species
Chinook,2005,15467.617252628355,17029.408730182462,18944.270579095675,16032.051815857249,18119.633068984305,c) Species returns,All Regions,Species
Chinook,2006,14828.35657892117,16393.575139019034,18142.01075763198,15435.08576492541,17337.312532142856,c) Species returns,All Regions,Species
Chinook,2007,14154.436164982926,15681.58681088742,17359.187368943818,14754.843106250137,16619.462228767195,c) Species returns,All Regions,Species
Chinook,2008,13495.454833285354,14970.162338937069,16592.31087170362,14096.807330216881,15983.692881410903,c) Species returns,All Regions,Species
Chinook,2009,12845.411255634855,14302.677262090943,16094.892307624323,13455.033357201193,15328.882217719733,c) Species returns,All Regions,Species
Chinook,2010,12200.935017253982,13705.159431292352,15652.97220464909,12898.738903158946,14762.163544767489,c) Species returns,All Regions,Species
Chinook,2011,11683.64804188535,13247.124342240299,15208.728752132689,12354.25759116355,14291.460103051064,c) Species returns,All Regions,Species
Chinook,2012,11202.509015500893,12830.302837802257,14888.080674982877,11859.725927925214,13940.104280503372,c) Species returns,All Regions,Species
Chinook,2013,10747.290260911508,12418.141291391865,14680.86333843162,11399.0193058251,13602.402130624789,c) Species returns,All Regions,Species
Chinook,2014,10268.840395981977,12128.462046655375,14657.923742386927,10985.131964151587,13474.276048579934,c) Species returns,All Regions,Species
Chinook,2015,9751.841070617631,11789.948277633595,14591.988754114365,10518.125454237563,13356.559783063505,c) Species returns,All Regions,Species
Chum,1976,56900.786512045284,64452.88551931859,73787.58731782124,59962.83470576306,69275.82177566593,c) Species returns,All Regions,Species
Chum,1977,56800.61810320468,63466.43879517357,71131.9102265154,59515.226145201756,67283.77417389632,c) Species returns,All Regions,Species
Chum,1978,56949.5702668334,63015.52875173788,69469.53274692317,59089.395763334716,66295.85619276432,c) Species returns,All Regions,Species
Chum,1979,57305.60341092295,62679.79456092307,68489.42917609365,59323.52128592035,65818.62300094913,c) Species returns,All Regions,Species
Chum,1980,57735.32715182094,63021.159941182596,68560.74907940647,59725.855895920606,66042.23555128646,c) Species returns,All Regions,Species
Chum,1981,58460.75207423624,63582.56357281348,68984.60325537475,60590.2542368916,66545.78429972057,c) Species returns,All Regions,Species
Chum,1982,59645.749238743214,64458.776184110466,69766.09096781578,61544.41240730534,67646.39774876626,c) Species returns,All Regions,Species
Chum,1983,60740.17047341147,65720.02547230042,71074.04837538961,62720.656442246436,68725.5942513984,c) Species returns,All Regions,Species
Chum,1984,61995.287348113445,67113.95510693332,72390.93777298467,63973.50898083123,70184.70717879699,c) Species returns,All Regions,Species
Chum,1985,63218.0549485438,68455.99718011796,73915.69975886363,65229.729890781105,71527.98881585881,c) Species returns,All Regions,Species
Chum,1986,64081.71032273218,69572.83352888923,74913.58561766703,66286.89203479461,72747.8657525742,c) Species returns,All Regions,Species
Chum,1987,65157.654382141656,70599.92011354124,76072.84549281184,67285.72914660562,73782.25908789897,c) Species returns,All Regions,Species
Chum,1988,66058.69217066068,71590.06054991533,77218.38330881845,68126.82257886151,74837.55085528591,c) Species returns,All Regions,Species
Chum,1989,66907.14159376148,72470.20016559534,78212.49670426256,69112.79558992066,75751.32838039445,c) Species returns,All Regions,Species
Chum,1990,67783.04956925884,73510.97789494501,79277.10290673493,69903.1977608806,76698.45755965213,c) Species returns,All Regions,Species
Chum,1991,68814.70112005308,74913.85463634023,81052.94088305318,71094.22693322992,78069.173118095,c) Species returns,All Regions,Species
Chum,1992,70124.37280257653,76402.5924761859,82601.08015221875,72765.38374938426,79938.52773800096,c) Species returns,All Regions,Species
Chum,1993,71959.23348467279,78132.11251571888,84508.6537007834,74380.57495366374,81878.78655130448,c) Species returns,All Regions,Species
Chum,1994,73890.19510783817,80193.58127142594,86767.50480043323,76653.01569553108,83916.24099520416,c) Species returns,All Regions,Species
Chum,1995,76088.61121696938,82581.21906976512,89366.6230074917,78652.74012384759,86230.70401672344,c) Species returns,All Regions,Species
Chum,1996,78365.56043862863,84670.51049372688,91760.17364279614,80984.30521698312,88614.89865913278,c) Species returns,All Regions,Species
Chum,1997,80007.43190763677,86526.73237559458,93654.82885248316,82872.55224119764,90578.09478621818,c) Species returns,All Regions,Species
Chum,1998,81227.41356401671,87667.86800133702,95273.61378367839,83744.45975434972,91953.8217029793,c) Species returns,All Regions,Species
Chum,1999,81381.44506680417,87874.02709279317,95644.08030234739,83958.06117952568,92161.34241877522,c) Species returns,All Regions,Species
Chum,2000,80878.8548717372,87085.97062159367,94651.29653066813,83438.53101285364,91652.39971012101,c) Species returns,All Regions,Species
Chum,2001,80101.28251142314,85874.99100919097,92688.26974907964,82203.25696672007,90029.722040893,c) Species returns,All Regions,Species
Chum,2002,78430.28124880393,84238.95150711725,90826.86137813465,80648.66711827915,88021.714376221,c) Species returns,All Regions,Species
Chum,2003,76386.78660137864,82201.80542831191,88592.38239101337,78927.82180972048,85617.38312028146,c) Species returns,All Regions,Species
Chum,2004,74326.9101324592,80144.54357519714,86172.19086045532,76833.48000472365,83248.24441633394,c) Species returns,All Regions,Species
Chum,2005,72548.09874310256,78181.54769408886,83930.26002235361,74760.99174533164,81276.34644054735,c) Species returns,All Regions,Species
Chum,2006,70653.02424430227,76057.28647745962,81772.86290856481,72567.99773794672,79269.93919622447,c) Species returns,All Regions,Species
Chum,2007,68483.09165552509,73990.51962259601,79932.32495967891,70660.38919429433,77413.45202419537,c) Species returns,All Regions,Species
Chum,2008,66750.48800822752,72142.26216182983,78269.715192384,68866.2329295291,75678.77755406285,c) Species returns,All Regions,Species
Chum,2009,65072.55390697668,70585.88698234198,76846.70294322364,67440.74206665809,74331.56348042874,c) Species returns,All Regions,Species
Chum,2010,64004.13035765548,69592.77829553897,76099.87992720785,65967.13492204643,73482.2221578481,c) Species returns,All Regions,Species
Chum,2011,63048.5501636913,68795.83408546989,75672.23779868113,65214.191968402025,72646.85774987488,c) Species returns,All Regions,Species
Chum,2012,62716.00656700413,68442.26470751269,75750.40144347651,64771.7869346932,72552.62069178175,c) Species returns,All Regions,Species
Chum,2013,62475.46509952069,68639.19765173469,76339.01465682204,64893.43906534396,73132.57724448822,c) Species returns,All Regions,Species
Chum,2014,62279.045963951474,69487.69453802658,77793.92491977499,65098.5791722348,74462.84625745892,c) Species returns,All Regions,Species
Chum,2015,62267.11958036218,70866.1074937606,80520.38256296937,65316.74206284581,76475.27185134063,c) Species returns,All Regions,Species
Coho,1976,7939.760804646287,9093.185327136009,10627.226552368533,8349.85699776778,9987.95962571504,c) Species returns,All Regions,Species
Coho,1977,8443.06305707063,9531.484401153757,10844.158698465732,8813.851496033876,10259.247205237696,c) Species returns,All Regions,Species
Coho,1978,8989.260464498286,9957.827490865238,11120.443572178516,9365.836097964162,10634.435702070896,c) Species returns,All Regions,Species
Coho,1979,9590.811579597645,10507.60743048619,11595.864130012384,9943.737622177026,11173.979164792845,c) Species returns,All Regions,Species
Coho,1980,10288.373543227608,11124.24230507799,12146.160160336658,10585.427423340163,11725.574438401773,c) Species returns,All Regions,Species
Coho,1981,10972.973019383473,11784.78177736707,12761.599614759407,11257.763955295355,12353.38241397941,c) Species returns,All Regions,Species
Coho,1982,11630.043335629163,12452.955707148787,13459.327411104487,11949.265394604092,13011.323936662391,c) Species returns,All Regions,Species
Coho,1983,12243.253568311202,13137.139855730376,14147.026198828398,12623.864948406517,13700.445677965923,c) Species returns,All Regions,Species
Coho,1984,12781.281391280161,13763.965254089646,14782.985353005506,13171.580496223854,14301.187508448149,c) Species returns,All Regions,Species
Coho,1985,13253.1197401482,14256.29269258045,15349.100418585133,13680.646363266573,14856.390221983676,c) Species returns,All Regions,Species
Coho,1986,13626.578837731427,14701.665788615384,15808.314026805121,14071.271913904791,15317.509402236046,c) Species returns,All Regions,Species
Coho,1987,13897.206151008118,15021.033850413494,16160.196310198433,14383.982204133084,15691.033770465157,c) Species returns,All Regions,Species
Coho,1988,14127.271865944262,15324.16952143965,16495.978343044244,14582.012563941802,16009.299865919409,c) Species returns,All Regions,Species
Coho,1989,14334.229153946788,15530.681874351216,16794.319867935184,14819.716518050698,16327.973677443992,c) Species returns,All Regions,Species
Coho,1990,14443.539650017738,15723.26627425946,17042.401132213934,14984.230564070767,16550.55732335345,c) Species returns,All Regions,Species
Coho,1991,14625.138269598383,15880.97788428133,17243.74415968032,15134.839635488657,16685.563742066104,c) Species returns,All Regions,Species
Coho,1992,14722.752764139335,16016.394328458915,17383.95075019054,15199.140733506983,16776.532158884387,c) Species returns,All Regions,Species
Coho,1993,14724.709792664231,15990.120046792905,17314.346505077072,15215.070015434014,16745.93481988812,c) Species returns,All Regions,Species
Coho,1994,14733.981859360483,15895.790800158647,17218.961059050584,15187.931258030538,16630.80895176085,c) Species returns,All Regions,Species
Coho,1995,14632.18143287807,15773.881592623435,17079.39305030605,15078.09682386375,16471.21423390558,c) Species returns,All Regions,Species
Coho,1996,14461.556539514928,15653.74655714296,16886.5076103614,14947.695079148052,16356.199318027868,c) Species returns,All Regions,Species
Coho,1997,14371.514941764799,15560.370637392938,16805.882831785064,14897.572220876504,16285.086726682872,c) Species returns,All Regions,Species
Coho,1998,14360.403614901908,15509.614418751427,16847.254447426923,14885.771440021463,16295.5332133444,c) Species returns,All Regions,Species
Coho,1999,14342.156863696791,15564.340061085828,16961.17536225993,14890.32170178722,16332.164178850237,c) Species returns,All Regions,Species
Coho,2000,14385.863280140456,15642.026486538709,17114.885165010986,14913.621879743467,16454.118545262652,c) Species returns,All Regions,Species
Coho,2001,14441.299113187826,15732.119888338857,17270.047219953794,14924.494898310295,16581.27384876225,c) Species returns,All Regions,Species
Coho,2002,14485.347650201773,15743.543365927144,17339.52160053598,14968.367118021888,16646.633342044217,c) Species returns,All Regions,Species
Coho,2003,14457.387743412575,15730.447616343576,17345.094427797754,14940.74455307424,16667.999192068,c) Species returns,All Regions,Species
Coho,2004,14415.980058340812,15682.756353874907,17203.623642300056,14834.138620778946,16564.519669771616,c) Species returns,All Regions,Species
Coho,2005,14305.362872310814,15514.467528601963,17077.8076911523,14714.670241472102,16318.522159272236,c) Species returns,All Regions,Species
Coho,2006,14088.94702022184,15330.579946033415,16851.303209919566,14554.134890559817,16165.732409242419,c) Species returns,All Regions,Species
Coho,2007,13918.384363253492,15106.406739161495,16594.18151670399,14387.434293235248,15973.452475840904,c) Species returns,All Regions,Species
Coho,2008,13722.644449657291,14936.296787793748,16361.857374901925,14199.813627387024,15778.253680198872,c) Species returns,All Regions,Species
Coho,2009,13588.24249463135,14748.000032782951,16170.725907855933,14003.511126262278,15598.26807415226,c) Species returns,All Regions,Species
Coho,2010,13398.829074365956,14602.612876041485,15968.601709216306,13842.776749244607,15443.73205033887,c) Species returns,All Regions,Species
Coho,2011,13228.137071977691,14400.958680529548,15911.242185309251,13663.110787480855,15272.838682293153,c) Species returns,All Regions,Species
Coho,2012,13016.10792802266,14257.139836756469,15810.86273684103,13491.127037397864,15101.084665721699,c) Species returns,All Regions,Species
Coho,2013,12684.070723040546,14146.052849616064,15779.883997419154,13280.767330388113,14963.231054651942,c) Species returns,All Regions,Species
Coho,2014,12369.077731216586,13949.556428143234,15842.492238880968,13057.197030163017,14934.951796428046,c) Species returns,All Regions,Species
Coho,2015,11953.790773945346,13821.368643185579,16029.598344931901,12699.681305631882,14985.24211138364,c) Species returns,All Regions,Species
Pink,1976,70049.51132512256,78660.33240695459,89009.78430533386,73147.87967514055,84378.74737391705,c) Species returns,All Regions,Species
Pink,1977,71464.1516519192,79876.25750533518,88984.81086881986,74664.59968014332,84907.53274262357,c) Species returns,All Regions,Species
Pink,1978,72752.54459124555,80752.69378589696,89096.55211469767,75965.61458681276,85684.28023583673,c) Species returns,All Regions,Species
Pink,1979,74411.67668337276,81887.30564484249,89715.81724729657,77636.83717163593,86746.73023961663,c) Species returns,All Regions,Species
Pink,1980,75831.31572527796,83110.05304145147,90679.97673699936,78996.11707249464,87814.65341683608,c) Species returns,All Regions,Species
Pink,1981,77848.9424412248,84728.93223186168,91805.76472105937,80688.73461987577,89053.92820614412,c) Species returns,All Regions,Species
Pink,1982,79547.80260301667,86399.9725682274,93396.06975247402,82417.02299755935,90443.89659990973,c) Species returns,All Regions,Species
Pink,1983,81366.80760686188,88192.79291675556,94858.29511805915,84132.82470611413,92203.17205630828,c) Species returns,All Regions,Species
Pink,1984,83541.10677672247,90087.24369041056,96616.77548688809,86072.35974785092,93936.68498526985,c) Species returns,All Regions,Species
Pink,1985,85310.29552744221,91915.82461814953,98551.78345729195,87990.38795688609,95944.34048864775,c) Species returns,All Regions,Species
Pink,1986,87045.53321746922,93792.49216591127,100568.01749002613,89931.42698772604,97937.2938089784,c) Species returns,All Regions,Species
Pink,1987,88619.51872320358,95637.90506304777,102613.36183294357,91778.71380000518,99854.39823830874,c) Species returns,All Regions,Species
Pink,1988,90313.40018799531,97700.95262951896,104866.46051883981,93666.93464367458,101746.28945086017,c) Species returns,All Regions,Species
Pink,1989,92468.41284498431,99605.44363438062,107198.83897822014,95348.31953577578,103832.89455089434,c) Species returns,All Regions,Species
Pink,1990,94824.43040443679,101717.2225652069,109272.56917435894,97494.79642892204,105754.51620009169,c) Species returns,All Regions,Species
Pink,1991,97200.48810370952,103868.21754748955,111810.33236079488,99785.01608000437,108191.61859131246,c) Species returns,All Regions,Species
Pink,1992,99386.7003836802,106264.61409255533,114281.35565309579,102039.11336018342,110652.14298871689,c) Species returns,All Regions,Species
Pink,1993,101856.8354815799,108669.85810228495,117095.0774219506,104520.55371685918,113276.03836168631,c) Species returns,All Regions,Species
Pink,1994,104158.93231727422,111212.63794246873,120107.59275285574,106927.06642791518,116055.5918623168,c) Species returns,All Regions,Species
Pink,1995,106786.32183146862,114030.02184181778,123018.63598057002,109450.50268802767,119230.88150593071,c) Species returns,All Regions,Species
Pink,1996,108802.2698006668,116503.95709072867,126658.39104920224,111867.9213190554,122156.0186128851,c) Species returns,All Regions,Species
Pink,1997,110867.24777780237,119271.973056118,130075.23742173357,114126.49238964345,125204.76613956905,c) Species returns,All Regions,Species
Pink,1998,112946.81588106911,121795.75234079399,132707.78465430773,116097.69904043392,128063.114541996,c) Species returns,All Regions,Species
Pink,1999,115011.30371284677,124084.65336081639,134933.95614441545,118168.55079608576,130432.27509353055,c) Species returns,All Regions,Species
Pink,2000,116935.93750039957,126068.95085113074,137007.03184979656,119965.50782668736,132422.83440794534,c) Species returns,All Regions,Species
Pink,2001,118816.96126716977,127989.13504347115,139198.25734793826,121781.42048069093,134281.61039779833,c) Species returns,All Regions,Species
Pink,2002,120185.10728596656,129039.49262686944,140568.19234454926,123462.33631490718,135402.46986704395,c) Species returns,All Regions,Species
Pink,2003,121515.20054870957,130261.11994528156,140965.38264284784,124906.74654347444,136591.03585756244,c) Species returns,All Regions,Species
Pink,2004,122501.14082318015,130880.53506526694,141824.677357468,125834.06150617302,137288.984728707,c) Species returns,All Regions,Species
Pink,2005,123244.01569776505,131700.4647625751,142766.35849471609,126365.19944112665,137772.46785787112,c) Species returns,All Regions,Species
Pink,2006,123128.15685332152,132265.50638615945,143255.09875539312,126850.02192769127,138314.96639991592,c) Species returns,All Regions,Species
Pink,2007,122877.17311615188,132643.26856624262,143888.06703841392,127086.67075790587,139107.30141918175,c) Species returns,All Regions,Species
Pink,2008,122618.89837405147,133146.83313481064,144413.52348500688,127313.43400158567,139529.26362368086,c) Species returns,All Regions,Species
Pink,2009,122561.88974374467,133634.11798028194,145261.75903878585,127510.85661210878,140154.49565238738,c) Species returns,All Regions,Species
Pink,2010,122515.95725487583,134595.1512523755,146996.51549154974,127473.68447227939,141173.8240134061,c) Species returns,All Regions,Species
Pink,2011,122722.52067469132,135477.3236166924,148498.28131077124,127722.50504129201,142810.5104024533,c) Species returns,All Regions,Species
Pink,2012,122824.09870013212,136184.09416124754,150998.45006978072,128281.21122972295,144696.17760695523,c) Species returns,All Regions,Species
Pink,2013,123246.1822298744,137646.6211842859,153710.77017445225,129056.93948963168,146695.80963568672,c) Species returns,All Regions,Species
Pink,2014,123796.03559820901,138940.51958658302,156735.3097644916,130011.33749776933,149618.7538189328,c) Species returns,All Regions,Species
Pink,2015,123869.39659809714,141275.64024554228,160207.77119170193,130628.39994448595,152688.40622311487,c) Species returns,All Regions,Species
Sockeye,1976,60624.735675398726,69318.8351358083,79149.9420951819,64472.13602607537,75010.60987441019,c) Species returns,All Regions,Species
Sockeye,1977,62105.1302997664,69774.8107802002,78695.09726761364,65536.4025111247,74899.49420725324,c) Species returns,All Regions,Species
Sockeye,1978,63595.282163065924,70312.30689546326,78606.10928353379,66509.18741290906,74997.93727206122,c) Species returns,All Regions,Species
Sockeye,1979,64673.104899916085,70912.56039635446,78415.90065386106,67489.60128528441,75072.73851451145,c) Species returns,All Regions,Species
Sockeye,1980,65598.24122225787,71487.15535199901,78266.50079320557,68247.87548808097,75560.73263920733,c) Species returns,All Regions,Species
Sockeye,1981,66349.13301631677,72006.7927087904,78401.17541095846,68729.5558840366,75599.71800364871,c) Species returns,All Regions,Species
Sockeye,1982,66843.72196193162,72322.55199086644,78529.40318991746,69102.39246985118,75746.12988090099,c) Species returns,All Regions,Species
Sockeye,1983,67184.99279357246,72497.48644694047,78523.6510264171,69347.96715450664,75932.54533964119,c) Species returns,All Regions,Species
Sockeye,1984,67483.33786231045,72566.11712968025,78510.54451090038,69535.69812628347,75957.89115076653,c) Species returns,All Regions,Species
Sockeye,1985,67546.71569631854,72538.8991441165,78438.07641380402,69642.98564155589,75943.08912884578,c) Species returns,All Regions,Species
Sockeye,1986,67567.00035288709,72559.8348781922,78302.16946127426,69641.28877703483,75981.22413206392,c) Species returns,All Regions,Species
Sockeye,1987,67716.24019584095,72716.53412592938,78157.33486483185,69624.1323391601,75817.82828197615,c) Species returns,All Regions,Species
Sockeye,1988,67820.80414944199,72933.05518905768,78082.99684028294,69549.79735617562,75803.88021616619,c) Species returns,All Regions,Species
Sockeye,1989,67994.50861447223,72930.29902635425,78065.5225825673,69704.9050188619,75923.77150142903,c) Species returns,All Regions,Species
Sockeye,1990,68058.75965733823,73004.61332695719,78130.36814417901,69855.7132995517,75875.31500119429,c) Species returns,All Regions,Species
Sockeye,1991,68123.45045395443,72931.15510785626,78267.81712192614,70030.00148301732,75900.97137343169,c) Species returns,All Regions,Species
Sockeye,1992,68224.5417900284,72908.30828290107,78197.46614672034,70058.82991344109,75869.37260295666,c) Species returns,All Regions,Species
Sockeye,1993,68388.76640976351,72823.92373353447,78154.42696922467,69985.40333664115,75821.0077260972,c) Species returns,All Regions,Species
Sockeye,1994,68275.78864773927,72720.50255096063,78096.74397886904,70016.61977576416,75740.82162166332,c) Species returns,All Regions,Species
Sockeye,1995,68190.62696077193,72529.0667755663,77826.06972178027,69935.88498528276,75745.12434560026,c) Species returns,All Regions,Species
Sockeye,1996,68223.17895943411,72528.12104518965,77511.23848574075,69843.40753776142,75505.63586685233,c) Species returns,All Regions,Species
Sockeye,1997,68105.96326018716,72533.03606380871,77460.00171633612,69940.93070484961,75412.92895254726,c) Species returns,All Regions,Species
Sockeye,1998,68199.46251776734,72553.43509992956,77468.54629446895,69926.73045992017,75416.62064950832,c) Species returns,All Regions,Species
Sockeye,1999,68189.20085848044,72551.74715662161,77638.00935335351,69899.30518562102,75429.08425107466,c) Species returns,All Regions,Species
Sockeye,2000,68185.12900409142,72504.05641949247,77668.06353546432,69880.71045515037,75522.49870473328,c) Species returns,All Regions,Species
Sockeye,2001,68102.83353590316,72499.96669026207,77721.9392429032,69765.11621438756,75548.34556436326,c) Species returns,All Regions,Species
Sockeye,2002,67993.6246799746,72368.79613812924,77536.12170017697,69646.32697260485,75553.59874655341,c) Species returns,All Regions,Species
Sockeye,2003,67815.23470002422,72306.21755720787,77428.88447478639,69674.67813719684,75475.79676107128,c) Species returns,All Regions,Species
Sockeye,2004,67542.45619267567,72098.1889245599,77188.07450780745,69433.38259680371,75116.18627189107,c) Species returns,All Regions,Species
Sockeye,2005,67338.16350114849,71926.79496538869,76975.28670675417,69246.85169427184,74856.80818236982,c) Species returns,All Regions,Species
Sockeye,2006,66956.03205868046,71626.9191227982,76762.17713696486,68890.00745204205,74876.76763486207,c) Species returns,All Regions,Species
Sockeye,2007,66595.46889251846,71333.97824872633,76748.48330306601,68627.53523084978,74541.22742545436,c) Species returns,All Regions,Species
Sockeye,2008,66238.24302338986,71166.43273975971,76769.10402884496,68326.30489634674,74463.21858884,c) Species returns,All Regions,Species
Sockeye,2009,66060.35078611353,71046.69978785896,76928.1132023782,68063.87589277989,74349.74887182371,c) Species returns,All Regions,Species
Sockeye,2010,65750.15350345729,71111.99548333246,77108.36581559532,67856.5474364112,74422.60898724485,c) Species returns,All Regions,Species
Sockeye,2011,65356.45287001093,71034.94971918437,77721.11936711792,67650.72272210602,74604.94584352919,c) Species returns,All Regions,Species
Sockeye,2012,65112.01970813973,71047.26431468548,78534.08549001197,67467.43536905998,74957.0961060863,c) Species returns,All Regions,Species
Sockeye,2013,64839.3483364846,71055.41735095537,79345.77646618351,67347.5653563973,75549.92749087546,c) Species returns,All Regions,Species
Sockeye,2014,64567.026667029284,71032.93681846754,80321.774579631,67054.68019976109,76183.62169511677,c) Species returns,All Regions,Species
Sockeye,2015,63910.64084857135,71215.04450551432,81617.68943032643,66879.17687378594,77326.52133084393,c) Species returns,All Regions,Species
Total,1976,220117.6605867101,235402.87895706188,252871.6663169976,225750.12180874156,245790.8491222752,b) Total returns,All Regions,All
Total,1977,222497.73413429502,236289.24641759548,252039.6942671753,227570.52463675837,244936.38052808866,b) Total returns,All Regions,All
Total,1978,225244.9380418742,237783.41034887393,251426.3204813863,230093.34135413883,245895.705405197,b) Total returns,All Regions,All
Total,1979,228847.0180929944,239797.75172565904,252284.56792723536,233136.49468168415,247361.54022949928,b) Total returns,All Regions,All
Total,1980,232082.64585483278,242715.7764649542,254620.11427326011,236212.7746089552,249598.2254242301,b) Total returns,All Regions,All
Total,1981,235701.13789577424,246020.80166772963,257183.4330011668,239888.0819109093,252568.60215711602,b) Total returns,All Regions,All
Total,1982,239723.7927409466,249866.0097883363,260387.9478750819,243829.67944309046,256317.45959926772,b) Total returns,All Regions,All
Total,1983,244082.14157566472,254006.79342775352,264500.8235524162,248066.7752158305,260387.26452418527,b) Total returns,All Regions,All
Total,1984,248249.7295487331,257906.70351768914,268798.2145011939,252312.07999664193,264519.0053695442,b) Total returns,All Regions,All
Total,1985,252551.5621824268,262382.78045539954,272658.1325558172,256287.7340594862,268486.88574344316,b) Total returns,All Regions,All
Total,1986,255896.23967697102,266106.7961777096,276424.3552623522,260003.4300425884,272477.1758770514,b) Total returns,All Regions,All
Total,1987,259153.4741409304,269911.5973819685,280367.84196606063,263456.75017524266,276083.24661950266,b) Total returns,All Regions,All
Total,1988,262721.3428014864,273592.0565605939,284053.1975232084,267342.54388770723,279902.38428198965,b) Total returns,All Regions,All
Total,1989,266355.4632363104,276858.42892700795,288134.4311738825,270618.09933947236,284106.01654018986,b) Total returns,All Regions,All
Total,1990,270030.5802234606,280767.08370803454,292273.8709989804,274415.3969624974,287842.65455663955,b) Total returns,All Regions,All
Total,1991,273901.96278773114,284910.0318636058,296709.1301601166,278549.3549981667,292150.2555603425,b) Total returns,All Regions,All
Total,1992,278418.32610122475,289686.8728758202,301076.49101640895,282535.04760298436,296319.4076528718,b) Total returns,All Regions,All
Total,1993,282678.0873425695,294304.6156435758,305923.321116636,287504.8115696752,301104.05724775174,b) Total returns,All Regions,All
Total,1994,287576.488016378,298848.39092210535,310934.21805939573,292125.6227195744,306516.73467447236,b) Total returns,All Regions,All
Total,1995,292280.7161099142,303900.2955995256,316205.1307791384,297300.04203932727,311325.2563894755,b) Total returns,All Regions,All
Total,1996,297078.78632998356,308820.8964784632,321650.5354159605,302332.88158442546,316415.4768033507,b) Total returns,All Regions,All
Total,1997,301665.3039135772,313265.8282647015,327103.91118137504,306757.20345482056,320861.23331020534,b) Total returns,All Regions,All
Total,1998,304959.75667032425,317086.31851221086,331236.77142858563,310244.56199200964,324694.88836117915,b) Total returns,All Regions,All
Total,1999,307753.6642361274,319408.36519354786,334041.1983051079,312452.39668025577,327232.5874045233,b) Total returns,All Regions,All
Total,2000,309192.6098061915,320922.42033867526,334887.064097704,314046.2354159298,328846.8102553903,b) Total returns,All Regions,All
Total,2001,309149.55869180174,321704.13184499135,335618.05609073216,314382.15584956296,329134.0030954374,b) Total returns,All Regions,All
Total,2002,308807.4782662175,321291.6076944892,334164.69846679596,313876.28084300045,328321.9750114507,b) Total returns,All Regions,All
Total,2003,307831.556590799,320049.41384122777,332847.4201763524,312484.75311901094,326652.0305136476,b) Total returns,All Regions,All
Total,2004,305856.25780000206,317845.47757149255,330602.1357747153,310537.3112915971,324713.88630859856,b) Total returns,All Regions,All
Total,2005,303431.0492763894,315254.2939951633,328234.0263817585,307984.3639180204,322344.2464540808,b) Total returns,All Regions,All
Total,2006,300108.9719445109,312448.2899952164,325146.21830313664,305083.5374239723,320060.7638517468,b) Total returns,All Regions,All
Total,2007,297148.1715873717,309907.6678222293,322955.5980384211,302024.9596601721,317630.99420745886,b) Total returns,All Regions,All
Total,2008,293923.10039647995,307564.10685517546,321149.32304652943,299742.63539960375,315064.3317885942,b) Total returns,All Regions,All
Total,2009,291507.43636912585,305422.6465516378,319658.0938787733,297606.60655379575,313507.4808099602,b) Total returns,All Regions,All
Total,2010,289607.6688680649,304071.4182472038,319103.5126056452,295760.4803431443,312552.3217219284,b) Total returns,All Regions,All
Total,2011,288179.05619305966,303798.96447857824,319570.01136583654,294556.6817088288,312826.3845428801,b) Total returns,All Regions,All
Total,2012,288175.09584671457,304503.7264712701,321227.3488116674,294906.69260209805,313671.77718723554,b) Total returns,All Regions,All
Total,2013,288068.5776913036,305448.8493305057,323456.91766071477,295292.7530272072,316035.7314922072,b) Total returns,All Regions,All
Total,2014,288925.6273677263,307422.78907595703,327997.66276581894,296564.39154401154,319470.13560460706,b) Total returns,All Regions,All
Total,2015,289307.6887372598,310608.2813448515,334497.8444950026,298081.98310871085,323674.55192348495,b) Total returns,All Regions,All
