year,species,location,mt_escape,y,time,y_10000
1952,Pink,BeringSea,7824.708399920812,7824.708399920812,1,0.7824708399920811
1952,Pink,CentralAK,9772.961173066129,9772.961173066129,1,0.9772961173066129
1952,Pink,SEAK,5655.013275042419,5655.013275042419,1,0.5655013275042419
1952,Pink,BCWC,7802.139818214416,7802.139818214416,1,0.7802139818214415
1952,Chum,BeringSea,13284.498568635183,13284.498568635183,1,1.3284498568635184
1952,Chum,CentralAK,7488.0156047796045,7488.0156047796045,1,0.7488015604779604
1952,Chum,SEAK,20314.15746479659,20314.15746479659,1,2.031415746479659
1952,Chum,BCWC,15276.933231719819,15276.933231719819,1,1.5276933231719818
1952,Sockeye,BeringSea,34197.486766611706,34197.486766611706,1,3.4197486766611704
1952,Sockeye,CentralAK,8343.212631379894,8343.212631379894,1,0.8343212631379895
1952,Sockeye,SEAK,1303.0414167468464,1303.0414167468464,1,0.13030414167468463
1952,Sockeye,BCWC,18094.189610612586,18094.189610612586,1,1.8094189610612585
1953,Pink,BeringSea,535.2340589928484,535.2340589928484,2,0.053523405899284844
1953,Pink,CentralAK,15617.67093857651,15617.67093857651,2,1.561767093857651
1953,Pink,SEAK,7049.136135531796,7049.136135531796,2,0.7049136135531796
1953,Pink,BCWC,10807.103201222732,10807.103201222732,2,1.0807103201222732
1953,Chum,BeringSea,7774.588677078312,7774.588677078312,2,0.7774588677078311
1953,Chum,CentralAK,5048.449541172118,5048.449541172118,2,0.5048449541172119
1953,Chum,SEAK,19638.567365269417,19638.567365269417,2,1.9638567365269417
1953,Chum,BCWC,16366.97839982679,16366.97839982679,2,1.636697839982679
1953,Sockeye,BeringSea,20899.04047468185,20899.04047468185,2,2.089904047468185
1953,Sockeye,CentralAK,6093.1785363263,6093.1785363263,2,0.60931785363263
1953,Sockeye,SEAK,1950.431123643411,1950.431123643411,2,0.1950431123643411
1953,Sockeye,BCWC,14037.797962494977,14037.797962494977,2,1.4037797962494976
1954,Pink,BeringSea,9228.262719499096,9228.262719499096,3,0.9228262719499096
1954,Pink,CentralAK,16207.175693980438,16207.175693980438,3,1.6207175693980438
1954,Pink,SEAK,20778.36537358517,20778.36537358517,3,2.077836537358517
1954,Pink,BCWC,13114.282554142563,13114.282554142563,3,1.3114282554142562
1954,Chum,BeringSea,15103.182904930816,15103.182904930816,3,1.5103182904930816
1954,Chum,CentralAK,15113.887260726975,15113.887260726975,3,1.5113887260726975
1954,Chum,SEAK,13154.519784372784,13154.519784372784,3,1.3154519784372785
1954,Chum,BCWC,7605.084517785323,7605.084517785323,3,0.7605084517785323
1954,Sockeye,BeringSea,7695.0867342507745,7695.0867342507745,3,0.7695086734250774
1954,Sockeye,CentralAK,3855.766145419616,3855.766145419616,3,0.38557661454196157
1954,Sockeye,SEAK,805.4881669929702,805.4881669929702,3,0.08054881669929702
1954,Sockeye,BCWC,33661.76874303258,33661.76874303258,3,3.366176874303258
1955,Pink,BeringSea,630.6166063320159,630.6166063320159,4,0.06306166063320158
1955,Pink,CentralAK,9645.604585693007,9645.604585693007,4,0.9645604585693007
1955,Pink,SEAK,6836.201401966641,6836.201401966641,4,0.6836201401966642
1955,Pink,BCWC,14718.71877811903,14718.71877811903,4,1.4718718778119029
1955,Chum,BeringSea,12304.4413179856,12304.4413179856,4,1.23044413179856
1955,Chum,CentralAK,5458.02888441549,5458.02888441549,4,0.545802888441549
1955,Chum,SEAK,5091.273563357629,5091.273563357629,4,0.5091273563357629
1955,Chum,BCWC,8408.068447186835,8408.068447186835,4,0.8408068447186835
1955,Sockeye,BeringSea,5252.404951961501,5252.404951961501,4,0.5252404951961501
1955,Sockeye,CentralAK,5591.630452997672,5591.630452997672,4,0.5591630452997672
1955,Sockeye,SEAK,1537.234521827611,1537.234521827611,4,0.1537234521827611
1955,Sockeye,BCWC,15036.404435770437,15036.404435770437,4,1.5036404435770436
1956,Pink,BeringSea,5822.247828092406,5822.247828092406,5,0.5822247828092406
1956,Pink,CentralAK,15145.558429887935,15145.558429887935,5,1.5145558429887935
1956,Pink,SEAK,13367.922918937711,13367.922918937711,5,1.3367922918937711
1956,Pink,BCWC,12505.084415550653,12505.084415550653,5,1.2505084415550654
1956,Chum,BeringSea,13168.081166553737,13168.081166553737,5,1.3168081166553736
1956,Chum,CentralAK,5126.005706463873,5126.005706463873,5,0.5126005706463873
1956,Chum,SEAK,9784.633251361816,9784.633251361816,5,0.9784633251361816
1956,Chum,BCWC,8814.275050440874,8814.275050440874,5,0.8814275050440874
1956,Sockeye,BeringSea,42827.93906549548,42827.93906549548,5,4.282793906549547
1956,Sockeye,CentralAK,8284.858151497194,8284.858151497194,5,0.8284858151497194
1956,Sockeye,SEAK,539.5001537579233,539.5001537579233,5,0.053950015375792325
1956,Sockeye,BCWC,13120.086019867224,13120.086019867224,5,1.3120086019867223
1957,Pink,BeringSea,282.9364288322418,282.9364288322418,6,0.02829364288322418
1957,Pink,CentralAK,10125.259059980615,10125.259059980615,6,1.0125259059980616
1957,Pink,SEAK,10327.516391399922,10327.516391399922,6,1.0327516391399922
1957,Pink,BCWC,7158.201566510248,7158.201566510248,6,0.7158201566510248
1957,Chum,BeringSea,16182.505655519713,16182.505655519713,6,1.6182505655519714
1957,Chum,CentralAK,12782.121935918689,12782.121935918689,6,1.2782121935918689
1957,Chum,SEAK,13425.658288004157,13425.658288004157,6,1.3425658288004156
1957,Chum,BCWC,22214.54376552082,22214.54376552082,6,2.221454376552082
1957,Sockeye,BeringSea,26450.554474563265,26450.554474563265,6,2.6450554474563264
1957,Sockeye,CentralAK,8275.383266937059,8275.383266937059,6,0.8275383266937059
1957,Sockeye,SEAK,1661.4724009447823,1661.4724009447823,6,0.16614724009447823
1957,Sockeye,BCWC,4019.9683157886916,4019.9683157886916,6,0.4019968315788692
1958,Pink,BeringSea,3073.547316177321,3073.547316177321,7,0.30735473161773214
1958,Pink,CentralAK,16107.35706071748,16107.35706071748,7,1.610735706071748
1958,Pink,SEAK,31960.99002849517,31960.99002849517,7,3.196099002849517
1958,Pink,BCWC,7374.1803264712,7374.1803264712,7,0.73741803264712
1958,Chum,BeringSea,11715.352866256937,11715.352866256937,7,1.1715352866256936
1958,Chum,CentralAK,7618.862734367419,7618.862734367419,7,0.7618862734367419
1958,Chum,SEAK,9331.89004340793,9331.89004340793,7,0.933189004340793
1958,Chum,BCWC,15446.416633305513,15446.416633305513,7,1.5446416633305513
1958,Sockeye,BeringSea,7520.415415489235,7520.415415489235,7,0.7520415415489234
1958,Sockeye,CentralAK,6975.04906780566,6975.04906780566,7,0.697504906780566
1958,Sockeye,SEAK,1023.9662536854551,1023.9662536854551,7,0.1023966253685455
1958,Sockeye,BCWC,17848.259582897703,17848.259582897703,7,1.7848259582897703
1959,Pink,BeringSea,814.1310853696182,814.1310853696182,8,0.08141310853696182
1959,Pink,CentralAK,14282.60303051303,14282.60303051303,8,1.428260303051303
1959,Pink,SEAK,7494.340891449278,7494.340891449278,8,0.7494340891449278
1959,Pink,BCWC,4099.932862666689,4099.932862666689,8,0.4099932862666689
1959,Chum,BeringSea,15803.681298633292,15803.681298633292,8,1.5803681298633292
1959,Chum,CentralAK,6423.4817493956925,6423.4817493956925,8,0.6423481749395693
1959,Chum,SEAK,8065.477248207813,8065.477248207813,8,0.8065477248207813
1959,Chum,BCWC,10546.726188439607,10546.726188439607,8,1.0546726188439606
1959,Sockeye,BeringSea,17928.758930964712,17928.758930964712,8,1.7928758930964712
1959,Sockeye,CentralAK,4196.113521532822,4196.113521532822,8,0.4196113521532822
1959,Sockeye,SEAK,974.4366338026332,974.4366338026332,8,0.09744366338026332
1959,Sockeye,BCWC,13898.094307378704,13898.094307378704,8,1.3898094307378703
1960,Pink,BeringSea,5795.758176920301,5795.758176920301,9,0.57957581769203
1960,Pink,CentralAK,12102.004039737063,12102.004039737063,9,1.2102004039737062
1960,Pink,SEAK,5255.981597802149,5255.981597802149,9,0.5255981597802148
1960,Pink,BCWC,7925.484262498329,7925.484262498329,9,0.7925484262498329
1960,Chum,BeringSea,8316.165205754018,8316.165205754018,9,0.8316165205754018
1960,Chum,CentralAK,6904.058728909208,6904.058728909208,9,0.6904058728909208
1960,Chum,SEAK,4598.7961733363545,4598.7961733363545,9,0.45987961733363547
1960,Chum,BCWC,15052.71350585662,15052.71350585662,9,1.505271350585662
1960,Sockeye,BeringSea,22811.699613772864,22811.699613772864,9,2.2811699613772864
1960,Sockeye,CentralAK,11260.52027535279,11260.52027535279,9,1.126052027535279
1960,Sockeye,SEAK,670.9932011995294,670.9932011995294,9,0.06709932011995294
1960,Sockeye,BCWC,15338.89619828312,15338.89619828312,9,1.533889619828312
1961,Pink,BeringSea,239.67608016671755,239.67608016671755,10,0.023967608016671756
1961,Pink,CentralAK,22055.58223882035,22055.58223882035,10,2.205558223882035
1961,Pink,SEAK,6750.006941787474,6750.006941787474,10,0.6750006941787474
1961,Pink,BCWC,23946.722573740997,23946.722573740997,10,2.3946722573740997
1961,Chum,BeringSea,10736.948662202425,10736.948662202425,10,1.0736948662202426
1961,Chum,CentralAK,6320.767994011421,6320.767994011421,10,0.6320767994011421
1961,Chum,SEAK,5249.041940170743,5249.041940170743,10,0.5249041940170743
1961,Chum,BCWC,15211.23227132922,15211.23227132922,10,1.521123227132922
1961,Sockeye,BeringSea,17239.79115426272,17239.79115426272,10,1.7239791154262718
1961,Sockeye,CentralAK,9095.900635661394,9095.900635661394,10,0.9095900635661394
1961,Sockeye,SEAK,2148.0376399359834,2148.0376399359834,10,0.21480376399359835
1961,Sockeye,BCWC,15096.22801644201,15096.22801644201,10,1.509622801644201
1962,Pink,BeringSea,2590.965969637307,2590.965969637307,11,0.25909659696373066
1962,Pink,CentralAK,18231.534425784987,18231.534425784987,11,1.8231534425784988
1962,Pink,SEAK,19905.88019045385,19905.88019045385,11,1.9905880190453848
1962,Pink,BCWC,25058.483373233932,25058.483373233932,11,2.505848337323393
1962,Chum,BeringSea,15715.290092364954,15715.290092364954,11,1.5715290092364953
1962,Chum,CentralAK,7161.532350379064,7161.532350379064,11,0.7161532350379064
1962,Chum,SEAK,6446.392640358379,6446.392640358379,11,0.6446392640358379
1962,Chum,BCWC,7749.780709585945,7749.780709585945,11,0.7749780709585945
1962,Sockeye,BeringSea,16066.392348266681,16066.392348266681,11,1.606639234826668
1962,Sockeye,CentralAK,7486.757081797998,7486.757081797998,11,0.7486757081797998
1962,Sockeye,SEAK,2536.8146647813705,2536.8146647813705,11,0.25368146647813705
1962,Sockeye,BCWC,32525.751763802815,32525.751763802815,11,3.2525751763802813
1963,Pink,BeringSea,310.18064879510587,310.18064879510587,12,0.031018064879510587
1963,Pink,CentralAK,16585.760681352815,16585.760681352815,12,1.6585760681352815
1963,Pink,SEAK,12021.03040553999,12021.03040553999,12,1.202103040553999
1963,Pink,BCWC,23323.55407306683,23323.55407306683,12,2.332355407306683
1963,Chum,BeringSea,6475.124998673805,6475.124998673805,12,0.6475124998673805
1963,Chum,CentralAK,10220.117604516416,10220.117604516416,12,1.0220117604516417
1963,Chum,SEAK,6485.190392294696,6485.190392294696,12,0.6485190392294696
1963,Chum,BCWC,3124.690377050756,3124.690377050756,12,0.3124690377050756
1963,Sockeye,BeringSea,16306.400817035239,16306.400817035239,12,1.6306400817035238
1963,Sockeye,CentralAK,3841.639022074635,3841.639022074635,12,0.3841639022074635
1963,Sockeye,SEAK,1246.2273302650535,1246.2273302650535,12,0.12462273302650535
1963,Sockeye,BCWC,9521.246476224902,9521.246476224902,12,0.9521246476224902
1964,Pink,BeringSea,2910.5917275278653,2910.5917275278653,13,0.29105917275278653
1964,Pink,CentralAK,30149.675691868288,30149.675691868288,13,3.0149675691868287
1964,Pink,SEAK,10929.398496547654,10929.398496547654,13,1.0929398496547653
1964,Pink,BCWC,8135.773636601782,8135.773636601782,13,0.8135773636601782
1964,Chum,BeringSea,11627.040712639826,11627.040712639826,13,1.1627040712639827
1964,Chum,CentralAK,18149.06431142383,18149.06431142383,13,1.814906431142383
1964,Chum,SEAK,6479.789099618766,6479.789099618766,13,0.6479789099618766
1964,Chum,BCWC,12779.049929340079,12779.049929340079,13,1.2779049929340078
1964,Sockeye,BeringSea,15869.709310591918,15869.709310591918,13,1.5869709310591917
1964,Sockeye,CentralAK,6474.302964667724,6474.302964667724,13,0.6474302964667724
1964,Sockeye,SEAK,2156.533179131842,2156.533179131842,13,0.2156533179131842
1964,Sockeye,BCWC,5915.996515623375,5915.996515623375,13,0.5915996515623375
1965,Pink,BeringSea,105.40647445857695,105.40647445857695,14,0.010540647445857695
1965,Pink,CentralAK,14168.652289343041,14168.652289343041,14,1.416865228934304
1965,Pink,SEAK,7055.039447736084,7055.039447736084,14,0.7055039447736084
1965,Pink,BCWC,53400.388437627895,53400.388437627895,14,5.340038843762789
1965,Chum,BeringSea,10068.810825337767,10068.810825337767,14,1.0068810825337766
1965,Chum,CentralAK,5410.416914869551,5410.416914869551,14,0.5410416914869551
1965,Chum,SEAK,4183.3918400466555,4183.3918400466555,14,0.4183391840046656
1965,Chum,BCWC,5601.115577350986,5601.115577350986,14,0.5601115577350987
1965,Sockeye,BeringSea,87700.61925222936,87700.61925222936,14,8.770061925222935
1965,Sockeye,CentralAK,4589.581587037907,4589.581587037907,14,0.45895815870379075
1965,Sockeye,SEAK,1471.7906425881392,1471.7906425881392,14,0.1471790642588139
1965,Sockeye,BCWC,6951.9120364787,6951.9120364787,14,0.69519120364787
1966,Pink,BeringSea,4857.9763841323365,4857.9763841323365,15,0.48579763841323365
1966,Pink,CentralAK,14131.244628317347,14131.244628317347,15,1.4131244628317348
1966,Pink,SEAK,21949.012033254563,21949.012033254563,15,2.1949012033254562
1966,Pink,BCWC,14016.767568314004,14016.767568314004,15,1.4016767568314004
1966,Chum,BeringSea,6861.452968373684,6861.452968373684,15,0.6861452968373684
1966,Chum,CentralAK,6604.127974561023,6604.127974561023,15,0.6604127974561023
1966,Chum,SEAK,4580.988792605195,4580.988792605195,15,0.4580988792605195
1966,Chum,BCWC,27658.518933263604,27658.518933263604,15,2.7658518933263605
1966,Sockeye,BeringSea,18462.822452725828,18462.822452725828,15,1.846282245272583
1966,Sockeye,CentralAK,9231.128851917443,9231.128851917443,15,0.9231128851917443
1966,Sockeye,SEAK,1591.4785286673903,1591.4785286673903,15,0.15914785286673902
1966,Sockeye,BCWC,10690.8729345023,10690.8729345023,15,1.06908729345023
1967,Pink,BeringSea,182.05909010308685,182.05909010308685,16,0.018205909010308684
1967,Pink,CentralAK,7135.357613223204,7135.357613223204,16,0.7135357613223203
1967,Pink,SEAK,2140.5582166819163,2140.5582166819163,16,0.21405582166819162
1967,Pink,BCWC,36634.03199402408,36634.03199402408,16,3.663403199402408
1967,Chum,BeringSea,8563.616850895854,8563.616850895854,16,0.8563616850895854
1967,Chum,CentralAK,6670.074781367687,6670.074781367687,16,0.66700747813676875
1967,Chum,SEAK,9000.799928110046,9000.799928110046,16,0.9000799928110046
1967,Chum,BCWC,9590.469835522425,9590.469835522425,16,0.9590469835522425
1967,Sockeye,BeringSea,26503.554173148113,26503.554173148113,16,2.6503554173148114
1967,Sockeye,CentralAK,10119.852479799654,10119.852479799654,16,1.0119852479799654
1967,Sockeye,SEAK,2084.2340834459355,2084.2340834459355,16,0.20842340834459355
1967,Sockeye,BCWC,8683.056116175043,8683.056116175043,16,0.8683056116175043
1968,Pink,BeringSea,4405.804779320251,4405.804779320251,17,0.44058047793202515
1968,Pink,CentralAK,9327.15537985251,9327.15537985251,17,0.932715537985251
1968,Pink,SEAK,14247.243264606837,14247.243264606837,17,1.4247243264606837
1968,Pink,BCWC,32860.14004300539,32860.14004300539,17,3.2860140043005392
1968,Chum,BeringSea,12870.317290537998,12870.317290537998,17,1.2870317290537998
1968,Chum,CentralAK,10558.395781834335,10558.395781834335,17,1.0558395781834335
1968,Chum,SEAK,6142.350343902607,6142.350343902607,17,0.6142350343902607
1968,Chum,BCWC,35359.61919692725,35359.61919692725,17,3.5359619196927246
1968,Sockeye,BeringSea,20352.77195945181,20352.77195945181,17,2.0352771959451808
1968,Sockeye,CentralAK,11838.663454093217,11838.663454093217,17,1.1838663454093217
1968,Sockeye,SEAK,2517.320208831347,2517.320208831347,17,0.2517320208831347
1968,Sockeye,BCWC,20121.242715024528,20121.242715024528,17,2.0121242715024525
1969,Pink,BeringSea,1036.9153645873107,1036.9153645873107,18,0.10369153645873107
1969,Pink,CentralAK,9504.726243015091,9504.726243015091,18,0.9504726243015091
1969,Pink,SEAK,17608.670975672656,17608.670975672656,18,1.7608670975672656
1969,Pink,BCWC,26116.125882937708,26116.125882937708,18,2.6116125882937706
1969,Chum,BeringSea,7110.428364385023,7110.428364385023,18,0.7110428364385023
1969,Chum,CentralAK,4010.6968192809036,4010.6968192809036,18,0.40106968192809034
1969,Chum,SEAK,3958.9809911551947,3958.9809911551947,18,0.3958980991155195
1969,Chum,BCWC,11737.453380416666,11737.453380416666,18,1.1737453380416665
1969,Sockeye,BeringSea,41582.95873749707,41582.95873749707,18,4.158295873749707
1969,Sockeye,CentralAK,9217.785676658863,9217.785676658863,18,0.9217785676658863
1969,Sockeye,SEAK,2074.0721064738395,2074.0721064738395,18,0.20740721064738396
1969,Sockeye,BCWC,9100.473832513417,9100.473832513417,18,0.9100473832513417
1970,Pink,BeringSea,2588.656050792102,2588.656050792102,19,0.2588656050792102
1970,Pink,CentralAK,23827.33496555619,23827.33496555619,19,2.3827334965556193
1970,Pink,SEAK,8482.234967769611,8482.234967769611,19,0.8482234967769611
1970,Pink,BCWC,14247.837187759884,14247.837187759884,19,1.4247837187759884
1970,Chum,BeringSea,5351.718124201392,5351.718124201392,19,0.5351718124201392
1970,Chum,CentralAK,3937.4074624740942,3937.4074624740942,19,0.3937407462474094
1970,Chum,SEAK,11298.472166539972,11298.472166539972,19,1.1298472166539972
1970,Chum,BCWC,33724.959123979985,33724.959123979985,19,3.3724959123979983
1970,Sockeye,BeringSea,10825.105177293472,10825.105177293472,19,1.0825105177293473
1970,Sockeye,CentralAK,13385.695738163497,13385.695738163497,19,1.3385695738163497
1970,Sockeye,SEAK,1897.8711735238728,1897.8711735238728,19,0.1897871173523873
1970,Sockeye,BCWC,13985.676593709364,13985.676593709364,19,1.3985676593709364
1971,Pink,BeringSea,156.81833393831135,156.81833393831135,20,0.015681833393831137
1971,Pink,CentralAK,9757.448824234518,9757.448824234518,20,0.9757448824234518
1971,Pink,SEAK,18437.178332196232,18437.178332196232,20,1.8437178332196231
1971,Pink,BCWC,12422.873433001329,12422.873433001329,20,1.242287343300133
1971,Chum,BeringSea,6448.9913293185455,6448.9913293185455,20,0.6448991329318545
1971,Chum,CentralAK,4568.381942807479,4568.381942807479,20,0.45683819428074796
1971,Chum,SEAK,11574.714019470615,11574.714019470615,20,1.1574714019470616
1971,Chum,BCWC,8401.24566790963,8401.24566790963,20,0.840124566790963
1971,Sockeye,BeringSea,29160.773803977318,29160.773803977318,20,2.9160773803977316
1971,Sockeye,CentralAK,6859.472569959764,6859.472569959764,20,0.6859472569959764
1971,Sockeye,SEAK,2701.557875369835,2701.557875369835,20,0.2701557875369835
1971,Sockeye,BCWC,69006.3079621602,69006.3079621602,20,6.900630796216019
1972,Pink,BeringSea,660.7401404735444,660.7401404735444,21,0.06607401404735444
1972,Pink,CentralAK,4611.563220671488,4611.563220671488,21,0.4611563220671488
1972,Pink,SEAK,10095.468213692146,10095.468213692146,21,1.0095468213692145
1972,Pink,BCWC,16644.82030767122,16644.82030767122,21,1.664482030767122
1972,Chum,BeringSea,7950.773323741445,7950.773323741445,21,0.7950773323741445
1972,Chum,CentralAK,7339.214506197555,7339.214506197555,21,0.7339214506197556
1972,Chum,SEAK,5406.819758925202,5406.819758925202,21,0.5406819758925202
1972,Chum,BCWC,30065.966033802575,30065.966033802575,21,3.0065966033802574
1972,Sockeye,BeringSea,9209.35161410678,9209.35161410678,21,0.9209351614106779
1972,Sockeye,CentralAK,9903.166910439753,9903.166910439753,21,0.99031669104397535
1972,Sockeye,SEAK,2071.2839786567156,2071.2839786567156,21,0.20712839786567155
1972,Sockeye,BCWC,15402.156702461323,15402.156702461323,21,1.5402156702461323
1973,Pink,BeringSea,443.03697516481947,443.03697516481947,22,0.044303697516481944
1973,Pink,CentralAK,13854.416490686239,13854.416490686239,22,1.3854416490686239
1973,Pink,SEAK,20630.167785138106,20630.167785138106,22,2.0630167785138105
1973,Pink,BCWC,6062.064926818723,6062.064926818723,22,0.6062064926818722
1973,Chum,BeringSea,14729.288151871855,14729.288151871855,22,1.4729288151871855
1973,Chum,CentralAK,10037.133520443858,10037.133520443858,22,1.0037133520443857
1973,Chum,SEAK,8886.558270291885,8886.558270291885,22,0.8886558270291885
1973,Chum,BCWC,26268.19273089859,26268.19273089859,22,2.626819273089859
1973,Sockeye,BeringSea,6061.3681677825425,6061.3681677825425,22,0.6061368167782543
1973,Sockeye,CentralAK,10885.345305227518,10885.345305227518,22,1.0885345305227518
1973,Sockeye,SEAK,2314.749049727647,2314.749049727647,22,0.2314749049727647
1973,Sockeye,BCWC,40290.12158926805,40290.12158926805,22,4.029012158926805
1974,Pink,BeringSea,3821.1414702834495,3821.1414702834495,23,0.38211414702834495
1974,Pink,CentralAK,11330.659590962578,11330.659590962578,23,1.1330659590962577
1974,Pink,SEAK,11347.149654990462,11347.149654990462,23,1.1347149654990463
1974,Pink,BCWC,16532.914113481453,16532.914113481453,23,1.6532914113481452
1974,Chum,BeringSea,7420.554582941612,7420.554582941612,23,0.7420554582941612
1974,Chum,CentralAK,4116.618606302198,4116.618606302198,23,0.41166186063021976
1974,Chum,SEAK,10877.048288878972,10877.048288878972,23,1.0877048288878972
1974,Chum,BCWC,17720.409855819886,17720.409855819886,23,1.7720409855819885
1974,Sockeye,BeringSea,18781.49491815894,18781.49491815894,23,1.878149491815894
1974,Sockeye,CentralAK,3571.466216652279,3571.466216652279,23,0.35714662166522787
1974,Sockeye,SEAK,1660.1012373733195,1660.1012373733195,23,0.16601012373733195
1974,Sockeye,BCWC,28522.962488242225,28522.962488242225,23,2.8522962488242225
1975,Pink,BeringSea,598.3977010988798,598.3977010988798,24,0.05983977010988798
1975,Pink,CentralAK,16744.13511867479,16744.13511867479,24,1.6744135118674788
1975,Pink,SEAK,16178.485569176199,16178.485569176199,24,1.61784855691762
1975,Pink,BCWC,26940.463938875444,26940.463938875444,24,2.6940463938875445
1975,Chum,BeringSea,13432.044142907505,13432.044142907505,24,1.3432044142907504
1975,Chum,CentralAK,8258.794716233566,8258.794716233566,24,0.8258794716233566
1975,Chum,SEAK,9842.766842582887,9842.766842582887,24,0.9842766842582887
1975,Chum,BCWC,10275.003117483113,10275.003117483113,24,1.0275003117483112
1975,Sockeye,BeringSea,66873.14805040097,66873.14805040097,24,6.687314805040097
1975,Sockeye,CentralAK,3544.222445643819,3544.222445643819,24,0.35442224456438187
1975,Sockeye,SEAK,2108.750546783608,2108.750546783608,24,0.21087505467836082
1975,Sockeye,BCWC,9463.810524543262,9463.810524543262,24,0.9463810524543261
1976,Pink,BeringSea,5048.935003416577,5048.935003416577,25,0.5048935003416577
1976,Pink,CentralAK,26253.62024296882,26253.62024296882,25,2.625362024296882
1976,Pink,SEAK,47276.094477556,47276.094477556,25,4.7276094477556
1976,Pink,BCWC,17272.16965101097,17272.16965101097,25,1.727216965101097
1976,Chum,BeringSea,11267.604076965314,11267.604076965314,25,1.1267604076965314
1976,Chum,CentralAK,2216.584249274284,2216.584249274284,25,0.2216584249274284
1976,Chum,SEAK,11636.580243191198,11636.580243191198,25,1.1636580243191197
1976,Chum,BCWC,21526.611365838304,21526.611365838304,25,2.15266113658383
1976,Sockeye,BeringSea,33037.908147120135,33037.908147120135,25,3.3037908147120136
1976,Sockeye,CentralAK,12540.055065984103,12540.055065984103,25,1.2540055065984104
1976,Sockeye,SEAK,2576.139267873505,2576.139267873505,25,0.2576139267873505
1976,Sockeye,BCWC,5657.360514140375,5657.360514140375,25,0.5657360514140375
1976,Chinook,BeringSea,1676.9145368864015,1676.9145368864015,1,0.16769145368864016
1976,Chinook,CentralAK,435.1916134275351,435.1916134275351,1,0.043519161342753514
1976,Chinook,SEAK,382.14400700501557,382.14400700501557,1,0.038214400700501555
1976,Chinook,BCWC,7747.770819483855,7747.770819483855,1,0.7747770819483855
1976,Coho,BeringSea,252.2576701303472,252.2576701303472,1,0.025225767013034722
1976,Coho,CentralAK,1880.7963108259833,1880.7963108259833,1,0.18807963108259831
1976,Coho,SEAK,981.2654760582549,981.2654760582549,1,0.09812654760582548
1976,Coho,BCWC,3906.7834831160276,3906.7834831160276,1,0.39067834831160275
1977,Pink,BeringSea,448.35902896813013,448.35902896813013,26,0.04483590289681302
1977,Pink,CentralAK,12927.74719726692,12927.74719726692,26,1.292774719726692
1977,Pink,SEAK,20284.218113991243,20284.218113991243,26,2.028421811399124
1977,Pink,BCWC,14927.10631574315,14927.10631574315,26,1.492710631574315
1977,Chum,BeringSea,12826.344582208243,12826.344582208243,26,1.2826344582208242
1977,Chum,CentralAK,13440.588557401152,13440.588557401152,26,1.3440588557401152
1977,Chum,SEAK,2085.561161781702,2085.561161781702,26,0.20855611617817021
1977,Chum,BCWC,22941.81830145993,22941.81830145993,26,2.294181830145993
1977,Sockeye,BeringSea,19786.631233638418,19786.631233638418,26,1.9786631233638419
1977,Sockeye,CentralAK,17717.649935873524,17717.649935873524,26,1.7717649935873523
1977,Sockeye,SEAK,2995.755837693782,2995.755837693782,26,0.2995755837693782
1977,Sockeye,BCWC,21629.87442833548,21629.87442833548,26,2.162987442833548
1977,Chinook,BeringSea,5188.053415716981,5188.053415716981,2,0.5188053415716981
1977,Chinook,CentralAK,295.453478363265,295.453478363265,2,0.0295453478363265
1977,Chinook,SEAK,538.7516965152466,538.7516965152466,2,0.05387516965152466
1977,Chinook,BCWC,4652.28237951964,4652.28237951964,2,0.465228237951964
1977,Coho,BeringSea,1169.561171279093,1169.561171279093,2,0.1169561171279093
1977,Coho,CentralAK,1186.920059774554,1186.920059774554,2,0.1186920059774554
1977,Coho,SEAK,2466.5708739617303,2466.5708739617303,2,0.24665708739617304
1977,Coho,BCWC,10033.917974870137,10033.917974870137,2,1.0033917974870137
1978,Pink,BeringSea,28899.806947439392,28899.806947439392,27,2.8899806947439393
1978,Pink,CentralAK,10109.373272078868,10109.373272078868,27,1.0109373272078868
1978,Pink,SEAK,18828.27443260055,18828.27443260055,27,1.882827443260055
1978,Pink,BCWC,19179.683676199154,19179.683676199154,27,1.9179683676199155
1978,Chum,BeringSea,22798.803620948303,22798.803620948303,27,2.2798803620948305
1978,Chum,CentralAK,14101.067487562721,14101.067487562721,27,1.4101067487562722
1978,Chum,SEAK,3269.291176601421,3269.291176601421,27,0.3269291176601421
1978,Chum,BCWC,22116.152842255382,22116.152842255382,27,2.2116152842255383
1978,Sockeye,BeringSea,26584.979464496468,26584.979464496468,27,2.6584979464496468
1978,Sockeye,CentralAK,12444.849671598537,12444.849671598537,27,1.2444849671598537
1978,Sockeye,SEAK,1586.2150931278504,1586.2150931278504,27,0.15862150931278504
1978,Sockeye,BCWC,15461.884211529941,15461.884211529941,27,1.5461884211529942
1978,Chinook,BeringSea,6736.214977789421,6736.214977789421,3,0.6736214977789421
1978,Chinook,CentralAK,674.3232574502215,674.3232574502215,3,0.06743232574502214
1978,Chinook,SEAK,233.69050076488728,233.69050076488728,3,0.023369050076488727
1978,Chinook,BCWC,3573.1218040170847,3573.1218040170847,3,0.3573121804017085
1978,Coho,BeringSea,528.434189749452,528.434189749452,3,0.0528434189749452
1978,Coho,CentralAK,1739.3274261540944,1739.3274261540944,3,0.17393274261540945
1978,Coho,SEAK,3598.8424959674517,3598.8424959674517,3,0.35988424959674514
1978,Coho,BCWC,3127.3268927151325,3127.3268927151325,3,0.31273268927151326
1979,Pink,BeringSea,1876.950630379203,1876.950630379203,28,0.1876950630379203
1979,Pink,CentralAK,22751.066234785478,22751.066234785478,28,2.275106623478548
1979,Pink,SEAK,40394.93584740244,40394.93584740244,28,4.039493584740244
1979,Pink,BCWC,15072.962677163261,15072.962677163261,28,1.5072962677163262
1979,Chum,BeringSea,25016.454707880956,25016.454707880956,28,2.5016454707880955
1979,Chum,CentralAK,16027.812111169114,16027.812111169114,28,1.6027812111169115
1979,Chum,SEAK,8293.601663839972,8293.601663839972,28,0.8293601663839972
1979,Chum,BCWC,15257.226445082486,15257.226445082486,28,1.5257226445082486
1979,Sockeye,BeringSea,79690.79184427437,79690.79184427437,28,7.969079184427437
1979,Sockeye,CentralAK,5236.176584278068,5236.176584278068,28,0.5236176584278068
1979,Sockeye,SEAK,2406.438987494379,2406.438987494379,28,0.2406438987494379
1979,Sockeye,BCWC,16442.072021445536,16442.072021445536,28,1.6442072021445535
1979,Chinook,BeringSea,4480.293532945257,4480.293532945257,4,0.44802935329452565
1979,Chinook,CentralAK,1080.2587660987547,1080.2587660987547,4,0.10802587660987546
1979,Chinook,SEAK,233.3389320702713,233.3389320702713,4,0.023333893207027133
1979,Chinook,BCWC,5124.690803741398,5124.690803741398,4,0.5124690803741397
1979,Coho,BeringSea,1085.8545929714574,1085.8545929714574,4,0.10858545929714573
1979,Coho,CentralAK,2130.0974018288707,2130.0974018288707,4,0.21300974018288707
1979,Coho,SEAK,1134.5796106000025,1134.5796106000025,4,0.11345796106000025
1979,Coho,BCWC,6722.9023021603525,6722.9023021603525,4,0.6722902302160353
1980,Pink,BeringSea,7010.870623493321,7010.870623493321,29,0.701087062349332
1980,Pink,CentralAK,27301.937573827894,27301.937573827894,29,2.7301937573827892
1980,Pink,SEAK,27118.208272411106,27118.208272411106,29,2.7118208272411106
1980,Pink,BCWC,15134.191236351156,15134.191236351156,29,1.5134191236351155
1980,Chum,BeringSea,18050.54575725383,18050.54575725383,29,1.8050545757253829
1980,Chum,CentralAK,3471.8577871293564,3471.8577871293564,29,0.34718577871293566
1980,Chum,SEAK,12977.47066689047,12977.47066689047,29,1.297747066689047
1980,Chum,BCWC,18372.82614886133,18372.82614886133,29,1.8372826148861332
1980,Sockeye,BeringSea,66703.16878592358,66703.16878592358,29,6.6703168785923586
1980,Sockeye,CentralAK,3987.2734365151728,3987.2734365151728,29,0.3987273436515173
1980,Sockeye,SEAK,1609.0845769065982,1609.0845769065982,29,0.1609084576906598
1980,Sockeye,BCWC,5350.120855911916,5350.120855911916,29,0.5350120855911916
1980,Chinook,BeringSea,5886.0677218308865,5886.0677218308865,5,0.5886067721830887
1980,Chinook,CentralAK,873.985981182634,873.985981182634,5,0.0873985981182634
1980,Chinook,SEAK,538.8027472023848,538.8027472023848,5,0.05388027472023848
1980,Chinook,BCWC,8719.759031014559,8719.759031014559,5,0.8719759031014559
1980,Coho,BeringSea,988.4063642629557,988.4063642629557,5,0.09884063642629556
1980,Coho,CentralAK,1867.914859650795,1867.914859650795,5,0.1867914859650795
1980,Coho,SEAK,1071.3140508029455,1071.3140508029455,5,0.10713140508029455
1980,Coho,BCWC,2619.2017084744534,2619.2017084744534,5,0.26192017084744534
1981,Pink,BeringSea,749.0949609271373,749.0949609271373,30,0.07490949609271373
1981,Pink,CentralAK,27530.630158528522,27530.630158528522,30,2.7530630158528524
1981,Pink,SEAK,40814.136519420965,40814.136519420965,30,4.081413651942096
1981,Pink,BCWC,11305.234026207552,11305.234026207552,30,1.1305234026207551
1981,Chum,BeringSea,19259.58404277283,19259.58404277283,30,1.9259584042772828
1981,Chum,CentralAK,7666.51071197948,7666.51071197948,30,0.7666510711979481
1981,Chum,SEAK,7381.810288273446,7381.810288273446,30,0.7381810288273446
1981,Chum,BCWC,34547.505039323136,34547.505039323136,30,3.4547505039323134
1981,Sockeye,BeringSea,17331.72301865586,17331.72301865586,30,1.7331723018655858
1981,Sockeye,CentralAK,9099.146716314523,9099.146716314523,30,0.9099146716314522
1981,Sockeye,SEAK,2678.5801780340216,2678.5801780340216,30,0.2678580178034022
1981,Sockeye,BCWC,35273.535187299036,35273.535187299036,30,3.5273535187299037
1981,Chinook,BeringSea,4914.633646009652,4914.633646009652,6,0.4914633646009652
1981,Chinook,CentralAK,721.079703910829,721.079703910829,6,0.07210797039108291
1981,Chinook,SEAK,896.0400824728488,896.0400824728488,6,0.08960400824728487
1981,Chinook,BCWC,2701.5806161055266,2701.5806161055266,6,0.27015806161055267
1981,Coho,BeringSea,1285.1443981319574,1285.1443981319574,6,0.12851443981319574
1981,Coho,CentralAK,1671.5686582851658,1671.5686582851658,6,0.16715686582851658
1981,Coho,SEAK,1233.3991882098207,1233.3991882098207,6,0.12333991882098208
1981,Coho,BCWC,2858.504812793787,2858.504812793787,6,0.28585048127937873
1982,Pink,BeringSea,5931.857366663866,5931.857366663866,31,0.5931857366663866
1982,Pink,CentralAK,20311.05435810273,20311.05435810273,31,2.031105435810273
1982,Pink,SEAK,35211.91197560287,35211.91197560287,31,3.5211911975602868
1982,Pink,BCWC,11057.693492899127,11057.693492899127,31,1.1057693492899128
1982,Chum,BeringSea,10431.634869828478,10431.634869828478,31,1.0431634869828479
1982,Chum,CentralAK,12259.321302721522,12259.321302721522,31,1.2259321302721522
1982,Chum,SEAK,7115.5698623532835,7115.5698623532835,31,0.7115569862353284
1982,Chum,BCWC,32591.323112659113,32591.323112659113,31,3.2591323112659114
1982,Sockeye,BeringSea,19019.291017788448,19019.291017788448,31,1.9019291017788449
1982,Sockeye,CentralAK,19315.721282050286,19315.721282050286,31,1.9315721282050287
1982,Sockeye,SEAK,780.8489870812442,780.8489870812442,31,0.07808489870812442
1982,Sockeye,BCWC,29764.61479421993,29764.61479421993,31,2.9764614794219932
1982,Chinook,BeringSea,3244.8331332955986,3244.8331332955986,7,0.3244833133295599
1982,Chinook,CentralAK,1127.1553433314716,1127.1553433314716,7,0.11271553433314715
1982,Chinook,SEAK,130.83588581346382,130.83588581346382,7,0.013083588581346383
1982,Chinook,BCWC,6217.401192860076,6217.401192860076,7,0.6217401192860076
1982,Coho,BeringSea,3100.1788372272154,3100.1788372272154,7,0.31001788372272154
1982,Coho,CentralAK,9168.366650511836,9168.366650511836,7,0.9168366650511837
1982,Coho,SEAK,2990.035290378195,2990.035290378195,7,0.2990035290378195
1982,Coho,BCWC,3865.5822815139663,3865.5822815139663,7,0.3865582281513966
1983,Pink,BeringSea,513.7060873130098,513.7060873130098,32,0.051370608731300976
1983,Pink,CentralAK,13712.742311553724,13712.742311553724,32,1.3712742311553725
1983,Pink,SEAK,42786.649683420146,42786.649683420146,32,4.278664968342015
1983,Pink,BCWC,31987.82711375586,31987.82711375586,32,3.198782711375586
1983,Chum,BeringSea,16291.984142264344,16291.984142264344,32,1.6291984142264344
1983,Chum,CentralAK,13759.878167981804,13759.878167981804,32,1.3759878167981805
1983,Chum,SEAK,5864.505998211452,5864.505998211452,32,0.5864505998211452
1983,Chum,BCWC,33346.76031605719,33346.76031605719,32,3.334676031605719
1983,Sockeye,BeringSea,46571.0912396316,46571.0912396316,32,4.65710912396316
1983,Sockeye,CentralAK,10870.319399848244,10870.319399848244,32,1.0870319399848243
1983,Sockeye,SEAK,440.56166858059555,440.56166858059555,32,0.044056166858059555
1983,Sockeye,BCWC,9253.317867621156,9253.317867621156,32,0.9253317867621156
1983,Chinook,BeringSea,3922.1758721750384,3922.1758721750384,8,0.3922175872175038
1983,Chinook,CentralAK,1165.4245631978451,1165.4245631978451,8,0.11654245631978452
1983,Chinook,SEAK,473.36392523675437,473.36392523675437,8,0.047336392523675434
1983,Chinook,BCWC,5249.8544969328295,5249.8544969328295,8,0.524985449693283
1983,Coho,BeringSea,792.3904701584703,792.3904701584703,8,0.07923904701584703
1983,Coho,CentralAK,3563.524438650718,3563.524438650718,8,0.3563524438650718
1983,Coho,SEAK,1596.2784326303952,1596.2784326303952,8,0.15962784326303953
1983,Coho,BCWC,1740.8824744131455,1740.8824744131455,8,0.17408824744131454
1984,Pink,BeringSea,16531.994154226355,16531.994154226355,33,1.6531994154226355
1984,Pink,CentralAK,9002.377462888728,9002.377462888728,33,0.9002377462888728
1984,Pink,SEAK,21813.849477228134,21813.849477228134,33,2.1813849477228135
1984,Pink,BCWC,8947.466005077718,8947.466005077718,33,0.8947466005077719
1984,Chum,BeringSea,23253.65024845994,23253.65024845994,33,2.325365024845994
1984,Chum,CentralAK,8510.448008319874,8510.448008319874,33,0.8510448008319874
1984,Chum,SEAK,10651.308388019197,10651.308388019197,33,1.0651308388019196
1984,Chum,BCWC,26333.019445750095,26333.019445750095,33,2.6333019445750097
1984,Sockeye,BeringSea,33135.64933172022,33135.64933172022,33,3.313564933172022
1984,Sockeye,CentralAK,17558.52916556688,17558.52916556688,33,1.755852916556688
1984,Sockeye,SEAK,1910.2131028109773,1910.2131028109773,33,0.19102131028109773
1984,Sockeye,BCWC,13341.038881026101,13341.038881026101,33,1.3341038881026102
1984,Chinook,BeringSea,2848.660820021622,2848.660820021622,9,0.2848660820021622
1984,Chinook,CentralAK,1330.9350644455594,1330.9350644455594,9,0.13309350644455595
1984,Chinook,SEAK,413.622128816532,413.622128816532,9,0.0413622128816532
1984,Chinook,BCWC,5423.691440094119,5423.691440094119,9,0.5423691440094118
1984,Coho,BeringSea,3623.112311427417,3623.112311427417,9,0.36231123114274166
1984,Coho,CentralAK,2941.9578276735124,2941.9578276735124,9,0.29419578276735125
1984,Coho,SEAK,2530.9086560950163,2530.9086560950163,9,0.2530908656095016
1984,Coho,BCWC,5043.381926573528,5043.381926573528,9,0.5043381926573528
1985,Pink,BeringSea,229.211137471527,229.211137471527,34,0.0229211137471527
1985,Pink,CentralAK,42203.616002611605,42203.616002611605,34,4.22036160026116
1985,Pink,SEAK,72749.07298065281,72749.07298065281,34,7.274907298065281
1985,Pink,BCWC,49825.43276830515,49825.43276830515,34,4.982543276830516
1985,Chum,BeringSea,9514.291772013315,9514.291772013315,34,0.9514291772013316
1985,Chum,CentralAK,19827.074428531392,19827.074428531392,34,1.9827074428531393
1985,Chum,SEAK,17640.943227302254,17640.943227302254,34,1.7640943227302255
1985,Chum,BCWC,45443.61776490909,45443.61776490909,34,4.544361776490909
1985,Sockeye,BeringSea,32556.36837335538,32556.36837335538,34,3.255636837335538
1985,Sockeye,CentralAK,14652.427698679867,14652.427698679867,34,1.4652427698679866
1985,Sockeye,SEAK,3032.293674294251,3032.293674294251,34,0.30322936742942513
1985,Sockeye,BCWC,23315.45872817552,23315.45872817552,34,2.3315458728175518
1985,Chinook,BeringSea,4137.528693531673,4137.528693531673,10,0.41375286935316724
1985,Chinook,CentralAK,982.0765319849811,982.0765319849811,10,0.09820765319849811
1985,Chinook,SEAK,1064.0732165073741,1064.0732165073741,10,0.10640732165073741
1985,Chinook,BCWC,8933.345558347915,8933.345558347915,10,0.8933345558347915
1985,Coho,BeringSea,1052.2443298419332,1052.2443298419332,10,0.10522443298419332
1985,Coho,CentralAK,5898.496826934777,5898.496826934777,10,0.5898496826934777
1985,Coho,SEAK,3423.897300860194,3423.897300860194,10,0.34238973008601936
1985,Coho,BCWC,2147.114290753063,2147.114290753063,10,0.2147114290753063
1986,Pink,BeringSea,1028.917453270415,1028.917453270415,35,0.10289174532704151
1986,Pink,CentralAK,22771.578865375282,22771.578865375282,35,2.277157886537528
1986,Pink,SEAK,54782.82811818203,54782.82811818203,35,5.478282811818203
1986,Pink,BCWC,31984.430170831558,31984.430170831558,35,3.198443017083156
1986,Chum,BeringSea,19509.108835424413,19509.108835424413,35,1.9509108835424414
1986,Chum,CentralAK,5059.315921936898,5059.315921936898,35,0.5059315921936898
1986,Chum,SEAK,7658.129824073478,7658.129824073478,35,0.7658129824073477
1986,Chum,BCWC,51918.989607114665,51918.989607114665,35,5.191898960711466
1986,Sockeye,BeringSea,28196.72040152572,28196.72040152572,35,2.819672040152572
1986,Sockeye,CentralAK,19493.801420979697,19493.801420979697,35,1.9493801420979697
1986,Sockeye,SEAK,889.7161126229489,889.7161126229489,35,0.08897161126229489
1986,Sockeye,BCWC,32596.357175723988,32596.357175723988,35,3.2596357175723987
1986,Chinook,BeringSea,3710.391950543828,3710.391950543828,11,0.3710391950543828
1986,Chinook,CentralAK,784.6796305313828,784.6796305313828,11,0.07846796305313829
1986,Chinook,SEAK,659.7294022254929,659.7294022254929,11,0.06597294022254929
1986,Chinook,BCWC,1620.8713279639203,1620.8713279639203,11,0.16208713279639203
1986,Coho,BeringSea,2461.6159665051155,2461.6159665051155,11,0.24616159665051154
1986,Coho,CentralAK,3598.3961013475446,3598.3961013475446,11,0.35983961013475446
1986,Coho,SEAK,3618.279009213694,3618.279009213694,11,0.3618279009213694
1986,Coho,BCWC,4188.156076800358,4188.156076800358,11,0.41881560768003584
1987,Pink,BeringSea,480.228912235648,480.228912235648,36,0.048022891223564804
1987,Pink,CentralAK,32435.311271817896,32435.311271817896,36,3.2435311271817895
1987,Pink,SEAK,39775.60313386215,39775.60313386215,36,3.9775603133862147
1987,Pink,BCWC,49964.899759544445,49964.899759544445,36,4.996489975954445
1987,Chum,BeringSea,20746.30213785107,20746.30213785107,36,2.074630213785107
1987,Chum,CentralAK,13431.376199640552,13431.376199640552,36,1.3431376199640552
1987,Chum,SEAK,13775.1415764861,13775.1415764861,36,1.3775141576486098
1987,Chum,BCWC,14225.651697422682,14225.651697422682,36,1.422565169742268
1987,Sockeye,BeringSea,42706.3293163124,42706.3293163124,36,4.270632931631241
1987,Sockeye,CentralAK,19288.563931098142,19288.563931098142,36,1.9288563931098142
1987,Sockeye,SEAK,3015.646466685707,3015.646466685707,36,0.3015646466685707
1987,Sockeye,BCWC,9662.155489711913,9662.155489711913,36,0.9662155489711913
1987,Chinook,BeringSea,1541.2882930396052,1541.2882930396052,12,0.15412882930396052
1987,Chinook,CentralAK,1413.2371052428862,1413.2371052428862,12,0.1413237105242886
1987,Chinook,SEAK,435.53002090273964,435.53002090273964,12,0.04355300209027396
1987,Chinook,BCWC,9961.002563769867,9961.002563769867,12,0.9961002563769867
1987,Coho,BeringSea,1305.6829052605517,1305.6829052605517,12,0.13056829052605518
1987,Coho,CentralAK,2341.2230789548817,2341.2230789548817,12,0.23412230789548816
1987,Coho,SEAK,2149.7095046852787,2149.7095046852787,12,0.21497095046852788
1987,Coho,BCWC,3391.9124378341858,3391.9124378341858,12,0.3391912437834186
1988,Pink,BeringSea,13844.925607750003,13844.925607750003,37,1.3844925607750003
1988,Pink,CentralAK,10958.422819145262,10958.422819145262,37,1.0958422819145262
1988,Pink,SEAK,12879.275902203539,12879.275902203539,37,1.287927590220354
1988,Pink,BCWC,16262.63115617282,16262.63115617282,37,1.626263115617282
1988,Chum,BeringSea,36026.289443508824,36026.289443508824,37,3.6026289443508825
1988,Chum,CentralAK,18271.207272768068,18271.207272768068,37,1.8271207272768069
1988,Chum,SEAK,15556.667247452266,15556.667247452266,37,1.5556667247452265
1988,Chum,BCWC,54029.6696739807,54029.6696739807,37,5.40296696739807
1988,Sockeye,BeringSea,33202.83860071533,33202.83860071533,37,3.320283860071533
1988,Sockeye,CentralAK,13013.553920175347,13013.553920175347,37,1.3013553920175347
1988,Sockeye,SEAK,704.8134283640237,704.8134283640237,37,0.07048134283640237
1988,Sockeye,BCWC,17940.53352477519,17940.53352477519,37,1.794053352477519
1988,Chinook,BeringSea,2525.201448953112,2525.201448953112,13,0.2525201448953112
1988,Chinook,CentralAK,612.4791034298597,612.4791034298597,13,0.06124791034298597
1988,Chinook,SEAK,665.392319707574,665.392319707574,13,0.0665392319707574
1988,Chinook,BCWC,15288.9625142806,15288.9625142806,13,1.52889625142806
1988,Coho,BeringSea,4930.005236697073,4930.005236697073,13,0.4930005236697073
1988,Coho,CentralAK,11454.048570933666,11454.048570933666,13,1.1454048570933666
1988,Coho,SEAK,2166.041744133655,2166.041744133655,13,0.2166041744133655
1988,Coho,BCWC,4661.428083733225,4661.428083733225,13,0.46614280837332256
1989,Pink,BeringSea,302.04700741815844,302.04700741815844,38,0.030204700741815846
1989,Pink,CentralAK,43694.982745026,43694.982745026,38,4.369498274502599
1989,Pink,SEAK,60699.879742425095,60699.879742425095,38,6.069987974242509
1989,Pink,BCWC,6897.872011850846,6897.872011850846,38,0.6897872011850846
1989,Chum,BeringSea,23711.497312236814,23711.497312236814,38,2.3711497312236816
1989,Chum,CentralAK,13256.35234801872,13256.35234801872,38,1.325635234801872
1989,Chum,SEAK,2569.735580233451,2569.735580233451,38,0.2569735580233451
1989,Chum,BCWC,17484.545044681217,17484.545044681217,38,1.7484545044681217
1989,Sockeye,BeringSea,44177.56923098962,44177.56923098962,38,4.4177569230989615
1989,Sockeye,CentralAK,22977.40125584039,22977.40125584039,38,2.297740125584039
1989,Sockeye,SEAK,2417.058499791614,2417.058499791614,38,0.2417058499791614
1989,Sockeye,BCWC,20652.611438369688,20652.611438369688,38,2.0652611438369686
1989,Chinook,BeringSea,3218.0889092578886,3218.0889092578886,14,0.32180889092578885
1989,Chinook,CentralAK,293.8209955376422,293.8209955376422,14,0.02938209955376422
1989,Chinook,SEAK,666.727498511327,666.727498511327,14,0.0666727498511327
1989,Chinook,BCWC,8073.107372039138,8073.107372039138,14,0.8073107372039138
1989,Coho,BeringSea,3586.7357654294033,3586.7357654294033,14,0.35867357654294035
1989,Coho,CentralAK,2947.353833371894,2947.353833371894,14,0.2947353833371894
1989,Coho,SEAK,3692.751798646104,3692.751798646104,14,0.3692751798646104
1989,Coho,BCWC,3147.4896981091842,3147.4896981091842,14,0.31474896981091843
1990,Pink,BeringSea,6647.1947145781505,6647.1947145781505,39,0.6647194714578151
1990,Pink,CentralAK,10974.826917986327,10974.826917986327,39,1.0974826917986327
1990,Pink,SEAK,44051.916444669514,44051.916444669514,39,4.405191644466951
1990,Pink,BCWC,52831.03575975263,52831.03575975263,39,5.283103575975263
1990,Chum,BeringSea,2469.8471963941097,2469.8471963941097,39,0.24698471963941096
1990,Chum,CentralAK,3033.623255903204,3033.623255903204,39,0.3033623255903204
1990,Chum,SEAK,3658.7749228248767,3658.7749228248767,39,0.36587749228248767
1990,Chum,BCWC,29786.478465722656,29786.478465722656,39,2.9786478465722657
1990,Sockeye,BeringSea,46729.375642048886,46729.375642048886,39,4.672937564204888
1990,Sockeye,CentralAK,9468.730743177513,9468.730743177513,39,0.9468730743177514
1990,Sockeye,SEAK,1340.7594693098426,1340.7594693098426,39,0.13407594693098426
1990,Sockeye,BCWC,23503.970022666945,23503.970022666945,39,2.3503970022666945
1990,Chinook,BeringSea,2388.3741133480253,2388.3741133480253,15,0.23883741133480252
1990,Chinook,CentralAK,785.9401732108132,785.9401732108132,15,0.07859401732108132
1990,Chinook,SEAK,749.1269463748004,749.1269463748004,15,0.07491269463748003
1990,Chinook,BCWC,14447.767240240248,14447.767240240248,15,1.4447767240240248
1990,Coho,BeringSea,2471.09400725564,2471.09400725564,15,0.247109400725564
1990,Coho,CentralAK,7084.174423831372,7084.174423831372,15,0.7084174423831372
1990,Coho,SEAK,6362.362349646712,6362.362349646712,15,0.6362362349646712
1990,Coho,BCWC,4703.83767589681,4703.83767589681,15,0.470383767589681
1991,Pink,BeringSea,497.33935936263737,497.33935936263737,40,0.04973393593626374
1991,Pink,CentralAK,31356.727250827786,31356.727250827786,40,3.1356727250827787
1991,Pink,SEAK,33707.39442639862,33707.39442639862,40,3.370739442639862
1991,Pink,BCWC,38610.95224840684,38610.95224840684,40,3.8610952248406836
1991,Chum,BeringSea,28551.594410404723,28551.594410404723,40,2.855159441040472
1991,Chum,CentralAK,7774.65788023216,7774.65788023216,40,0.777465788023216
1991,Chum,SEAK,3330.2354741936406,3330.2354741936406,40,0.3330235474193641
1991,Chum,BCWC,42834.75275410578,42834.75275410578,40,4.283475275410578
1991,Sockeye,BeringSea,63742.93231301951,63742.93231301951,40,6.374293231301952
1991,Sockeye,CentralAK,17628.43733952134,17628.43733952134,40,1.7628437339521341
1991,Sockeye,SEAK,2302.816411423865,2302.816411423865,40,0.23028164114238647
1991,Sockeye,BCWC,21512.932643246986,21512.932643246986,40,2.1512932643246985
1991,Chinook,BeringSea,5051.670023800321,5051.670023800321,16,0.5051670023800321
1991,Chinook,CentralAK,708.4802379609508,708.4802379609508,16,0.07084802379609509
1991,Chinook,SEAK,1429.2713053951286,1429.2713053951286,16,0.14292713053951286
1991,Chinook,BCWC,9875.772801431798,9875.772801431798,16,0.9875772801431798
1991,Coho,BeringSea,2841.1199727845906,2841.1199727845906,16,0.28411199727845904
1991,Coho,CentralAK,3319.1418522617178,3319.1418522617178,16,0.3319141852261718
1991,Coho,SEAK,3738.7732026203307,3738.7732026203307,16,0.3738773202620331
1991,Coho,BCWC,7939.495963866022,7939.495963866022,16,0.7939495963866022
1992,Pink,BeringSea,8045.876687915424,8045.876687915424,41,0.8045876687915423
1992,Pink,CentralAK,34248.01698284284,34248.01698284284,41,3.424801698284284
1992,Pink,SEAK,34795.10002901449,34795.10002901449,41,3.4795100029014487
1992,Pink,BCWC,14165.889103847494,14165.889103847494,41,1.4165889103847493
1992,Chum,BeringSea,17439.446064085278,17439.446064085278,41,1.7439446064085278
1992,Chum,CentralAK,6320.064079420085,6320.064079420085,41,0.6320064079420086
1992,Chum,SEAK,10671.896387129946,10671.896387129946,41,1.0671896387129947
1992,Chum,BCWC,28258.87652750074,28258.87652750074,41,2.825887652750074
1992,Sockeye,BeringSea,37753.090731813274,37753.090731813274,41,3.7753090731813272
1992,Sockeye,CentralAK,12222.302678182454,12222.302678182454,41,1.2222302678182453
1992,Sockeye,SEAK,1551.7927039220963,1551.7927039220963,41,0.15517927039220963
1992,Sockeye,BCWC,10114.415357321108,10114.415357321108,41,1.0114415357321107
1992,Chinook,BeringSea,4297.471721859298,4297.471721859298,17,0.4297471721859298
1992,Chinook,CentralAK,802.9977257469014,802.9977257469014,17,0.08029977257469015
1992,Chinook,SEAK,775.2676965693505,775.2676965693505,17,0.07752676965693506
1992,Chinook,BCWC,14955.11678382505,14955.11678382505,17,1.4955116783825049
1992,Coho,BeringSea,3277.862890052614,3277.862890052614,17,0.3277862890052614
1992,Coho,CentralAK,6771.498909907641,6771.498909907641,17,0.6771498909907641
1992,Coho,SEAK,4312.934589073332,4312.934589073332,17,0.4312934589073332
1992,Coho,BCWC,5248.165604965554,5248.165604965554,17,0.5248165604965553
1993,Pink,BeringSea,680.5193212812908,680.5193212812908,42,0.06805193212812907
1993,Pink,CentralAK,24360.17691319213,24360.17691319213,42,2.4360176913192126
1993,Pink,SEAK,35590.466607252594,35590.466607252594,42,3.5590466607252593
1993,Pink,BCWC,59205.78365383631,59205.78365383631,42,5.920578365383631
1993,Chum,BeringSea,7327.124527030942,7327.124527030942,42,0.7327124527030942
1993,Chum,CentralAK,3987.7682606012995,3987.7682606012995,42,0.39877682606012993
1993,Chum,SEAK,5699.351777575455,5699.351777575455,42,0.5699351777575455
1993,Chum,BCWC,31516.4683792341,31516.4683792341,42,3.1516468379234097
1993,Sockeye,BeringSea,18275.864513476474,18275.864513476474,42,1.8275864513476474
1993,Sockeye,CentralAK,16487.437094181816,16487.437094181816,42,1.6487437094181816
1993,Sockeye,SEAK,1403.6642857627419,1403.6642857627419,42,0.14036642857627418
1993,Sockeye,BCWC,21189.709273720277,21189.709273720277,42,2.1189709273720276
1993,Chinook,BeringSea,5940.272004717442,5940.272004717442,18,0.5940272004717442
1993,Chinook,CentralAK,1011.8346106012349,1011.8346106012349,18,0.10118346106012349
1993,Chinook,SEAK,818.029490172928,818.029490172928,18,0.0818029490172928
1993,Chinook,BCWC,16847.2857850567,16847.2857850567,18,1.6847285785056703
1993,Coho,BeringSea,1299.3902116301697,1299.3902116301697,18,0.12993902116301698
1993,Coho,CentralAK,2078.6486841235455,2078.6486841235455,18,0.20786486841235455
1993,Coho,SEAK,4074.439292438513,4074.439292438513,18,0.4074439292438513
1993,Coho,BCWC,2462.0851601607396,2462.0851601607396,18,0.24620851601607396
1994,Pink,BeringSea,9299.058723180528,9299.058723180528,43,0.9299058723180528
1994,Pink,CentralAK,15942.196444735055,15942.196444735055,43,1.5942196444735055
1994,Pink,SEAK,25833.727032533847,25833.727032533847,43,2.5833727032533846
1994,Pink,BCWC,11681.693919205396,11681.693919205396,43,1.1681693919205396
1994,Chum,BeringSea,22147.723930100707,22147.723930100707,43,2.2147723930100707
1994,Chum,CentralAK,7471.623933882413,7471.623933882413,43,0.7471623933882413
1994,Chum,SEAK,7402.280177256164,7402.280177256164,43,0.7402280177256164
1994,Chum,BCWC,91355.71718176609,91355.71718176609,43,9.135571718176609
1994,Sockeye,BeringSea,35623.62910576977,35623.62910576977,43,3.5623629105769767
1994,Sockeye,CentralAK,17818.120567674876,17818.120567674876,43,1.7818120567674876
1994,Sockeye,SEAK,2042.6513064824103,2042.6513064824103,43,0.20426513064824103
1994,Sockeye,BCWC,24090.418522366635,24090.418522366635,43,2.4090418522366637
1994,Chinook,BeringSea,8241.267480483431,8241.267480483431,19,0.8241267480483432
1994,Chinook,CentralAK,1001.9336253327983,1001.9336253327983,19,0.10019336253327983
1994,Chinook,SEAK,808.3182395544574,808.3182395544574,19,0.08083182395544573
1994,Chinook,BCWC,9643.009352516614,9643.009352516614,19,0.9643009352516614
1994,Coho,BeringSea,4642.89980790982,4642.89980790982,19,0.464289980790982
1994,Coho,CentralAK,7226.292869777012,7226.292869777012,19,0.7226292869777012
1994,Coho,SEAK,9435.19880815606,9435.19880815606,19,0.9435198808156059
1994,Coho,BCWC,3229.4827950024005,3229.4827950024005,19,0.3229482795002401
1995,Pink,BeringSea,205.6319801300272,205.6319801300272,44,0.020563198013002718
1995,Pink,CentralAK,66296.9080440047,66296.9080440047,44,6.62969080440047
1995,Pink,SEAK,59753.230367893935,59753.230367893935,44,5.975323036789393
1995,Pink,BCWC,50381.901897458025,50381.901897458025,44,5.038190189745802
1995,Chum,BeringSea,13685.988571471704,13685.988571471704,44,1.3685988571471703
1995,Chum,CentralAK,7057.300564169167,7057.300564169167,44,0.7057300564169167
1995,Chum,SEAK,14654.643323565557,14654.643323565557,44,1.4654643323565557
1995,Chum,BCWC,33939.19690523425,33939.19690523425,44,3.3939196905234246
1995,Sockeye,BeringSea,49633.28858934243,49633.28858934243,44,4.9633288589342435
1995,Sockeye,CentralAK,23009.852127026392,23009.852127026392,44,2.3009852127026393
1995,Sockeye,SEAK,1264.879935299715,1264.879935299715,44,0.1264879935299715
1995,Sockeye,BCWC,7595.911243913009,7595.911243913009,44,0.7595911243913008
1995,Chinook,BeringSea,7457.428267395342,7457.428267395342,20,0.7457428267395342
1995,Chinook,CentralAK,2381.8622326397044,2381.8622326397044,20,0.23818622326397043
1995,Chinook,SEAK,387.33967069705955,387.33967069705955,20,0.03873396706970596
1995,Chinook,BCWC,9775.357480687813,9775.357480687813,20,0.9775357480687813
1995,Coho,BeringSea,3129.859912555972,3129.859912555972,20,0.31298599125559723
1995,Coho,CentralAK,4554.982539747315,4554.982539747315,20,0.4554982539747315
1995,Coho,SEAK,7954.056655142619,7954.056655142619,20,0.795405665514262
1995,Coho,BCWC,1551.0093001328225,1551.0093001328225,20,0.15510093001328226
1996,Pink,BeringSea,1240.5845375765123,1240.5845375765123,45,0.12405845375765123
1996,Pink,CentralAK,17670.200068311304,17670.200068311304,45,1.7670200068311304
1996,Pink,SEAK,142133.39733419233,142133.39733419233,45,14.213339733419232
1996,Pink,BCWC,22785.932308118623,22785.932308118623,45,2.2785932308118624
1996,Chum,BeringSea,28515.95255218694,28515.95255218694,45,2.851595255218694
1996,Chum,CentralAK,7532.715573853048,7532.715573853048,45,0.7532715573853048
1996,Chum,SEAK,11238.388862010603,11238.388862010603,45,1.1238388862010602
1996,Chum,BCWC,44499.69967949987,44499.69967949987,45,4.449969967949987
1996,Sockeye,BeringSea,21899.03398387537,21899.03398387537,45,2.1899033983875373
1996,Sockeye,CentralAK,16558.25273156945,16558.25273156945,45,1.655825273156945
1996,Sockeye,SEAK,2318.612060274801,2318.612060274801,45,0.23186120602748012
1996,Sockeye,BCWC,12810.304215222624,12810.304215222624,45,1.2810304215222625
1996,Chinook,BeringSea,2046.1244645675617,2046.1244645675617,21,0.20461244645675616
1996,Chinook,CentralAK,855.2716938064746,855.2716938064746,21,0.08552716938064746
1996,Chinook,SEAK,721.4278563616297,721.4278563616297,21,0.07214278563616297
1996,Chinook,BCWC,7008.7135865671235,7008.7135865671235,21,0.7008713586567124
1996,Coho,BeringSea,6898.472565517112,6898.472565517112,21,0.6898472565517112
1996,Coho,CentralAK,3877.6795968441543,3877.6795968441543,21,0.3877679596844154
1996,Coho,SEAK,5120.298809154113,5120.298809154113,21,0.5120298809154112
1996,Coho,BCWC,2040.9547134289307,2040.9547134289307,21,0.20409547134289308
1997,Pink,BeringSea,187.94502893034993,187.94502893034993,46,0.018794502893034994
1997,Pink,CentralAK,46419.2195477919,46419.2195477919,46,4.64192195477919
1997,Pink,SEAK,39777.34040342335,39777.34040342335,46,3.9777340403423356
1997,Pink,BCWC,29481.31551500143,29481.31551500143,46,2.9481315515001434
1997,Chum,BeringSea,18568.870939317134,18568.870939317134,46,1.8568870939317135
1997,Chum,CentralAK,16416.169796156373,16416.169796156373,46,1.6416169796156372
1997,Chum,SEAK,13325.893514578018,13325.893514578018,46,1.3325893514578018
1997,Chum,BCWC,24000.87856506826,24000.87856506826,46,2.400087856506826
1997,Sockeye,BeringSea,11594.537255144505,11594.537255144505,46,1.1594537255144506
1997,Sockeye,CentralAK,21932.1267306769,21932.1267306769,46,2.19321267306769
1997,Sockeye,SEAK,1397.2667813729518,1397.2667813729518,46,0.13972667813729517
1997,Sockeye,BCWC,22771.647332591947,22771.647332591947,46,2.2771647332591947
1997,Chinook,BeringSea,7225.528968039832,7225.528968039832,22,0.7225528968039832
1997,Chinook,CentralAK,752.5425725000541,752.5425725000541,22,0.07525425725000541
1997,Chinook,SEAK,1139.5049487624922,1139.5049487624922,22,0.11395049487624921
1997,Chinook,BCWC,11276.86863601336,11276.86863601336,22,1.127686863601336
1997,Coho,BeringSea,1044.422054087305,1044.422054087305,22,0.1044422054087305
1997,Coho,CentralAK,1086.9057224710698,1086.9057224710698,22,0.10869057224710697
1997,Coho,SEAK,3673.631662069568,3673.631662069568,22,0.3673631662069568
1997,Coho,BCWC,1840.4051857137822,1840.4051857137822,22,0.1840405185713782
1998,Pink,BeringSea,5576.424630872993,5576.424630872993,47,0.5576424630872993
1998,Pink,CentralAK,33376.288027557086,33376.288027557086,47,3.3376288027557086
1998,Pink,SEAK,61258.41768134665,61258.41768134665,47,6.125841768134665
1998,Pink,BCWC,14608.560847829676,14608.560847829676,47,1.4608560847829677
1998,Chum,BeringSea,14108.554472447346,14108.554472447346,47,1.4108554472447346
1998,Chum,CentralAK,7384.104664606209,7384.104664606209,47,0.7384104664606209
1998,Chum,SEAK,38010.097553529675,38010.097553529675,47,3.8010097553529674
1998,Chum,BCWC,47175.08413341775,47175.08413341775,47,4.7175084133417755
1998,Sockeye,BeringSea,25953.5698139683,25953.5698139683,47,2.5953569813968302
1998,Sockeye,CentralAK,16159.383498384825,16159.383498384825,47,1.6159383498384825
1998,Sockeye,SEAK,522.3239485874286,522.3239485874286,47,0.05223239485874286
1998,Sockeye,BCWC,22843.298292332176,22843.298292332176,47,2.2843298292332177
1998,Chinook,BeringSea,4835.674267456965,4835.674267456965,23,0.4835674267456965
1998,Chinook,CentralAK,665.8732741058624,665.8732741058624,23,0.06658732741058623
1998,Chinook,SEAK,464.90907787525504,464.90907787525504,23,0.0464909077875255
1998,Chinook,BCWC,17386.70730163842,17386.70730163842,23,1.738670730163842
1998,Coho,BeringSea,2164.4374972158544,2164.4374972158544,23,0.21644374972158545
1998,Coho,CentralAK,2755.6536232112885,2755.6536232112885,23,0.2755653623211288
1998,Coho,SEAK,3677.157206055919,3677.157206055919,23,0.3677157206055919
1998,Coho,BCWC,9937.832054634646,9937.832054634646,23,0.9937832054634645
1999,Pink,BeringSea,167.93643244049858,167.93643244049858,48,0.016793643244049857
1999,Pink,CentralAK,29697.58377226903,29697.58377226903,48,2.969758377226903
1999,Pink,SEAK,186708.32926535112,186708.32926535112,48,18.670832926535113
1999,Pink,BCWC,25007.78760170491,25007.78760170491,48,2.500778760170491
1999,Chum,BeringSea,11559.232525406402,11559.232525406402,48,1.1559232525406402
1999,Chum,CentralAK,5530.3976359961125,5530.3976359961125,48,0.5530397635996113
1999,Chum,SEAK,35669.35755509722,35669.35755509722,48,3.5669357555097214
1999,Chum,BCWC,27084.47621644051,27084.47621644051,48,2.708447621644051
1999,Sockeye,BeringSea,56366.63509312752,56366.63509312752,48,5.636663509312752
1999,Sockeye,CentralAK,8161.056262076173,8161.056262076173,48,0.8161056262076173
1999,Sockeye,SEAK,1659.7691656906466,1659.7691656906466,48,0.16597691656906466
1999,Sockeye,BCWC,15539.741337181717,15539.741337181717,48,1.5539741337181716
1999,Chinook,BeringSea,5460.288158297637,5460.288158297637,24,0.5460288158297637
1999,Chinook,CentralAK,566.1032941491508,566.1032941491508,24,0.056610329414915075
1999,Chinook,SEAK,634.672181922448,634.672181922448,24,0.0634672181922448
1999,Chinook,BCWC,8007.890924961407,8007.890924961407,24,0.8007890924961407
1999,Coho,BeringSea,158.4050223336382,158.4050223336382,24,0.015840502233363817
1999,Coho,CentralAK,731.0561484783851,731.0561484783851,24,0.07310561484783851
1999,Coho,SEAK,5715.093101579371,5715.093101579371,24,0.5715093101579372
1999,Coho,BCWC,5398.687743708898,5398.687743708898,24,0.5398687743708898
2000,Pink,BeringSea,4591.10921788684,4591.10921788684,49,0.459110921788684
2000,Pink,CentralAK,28099.110920922325,28099.110920922325,49,2.8099110920922326
2000,Pink,SEAK,39631.11059451138,39631.11059451138,49,3.9631110594511383
2000,Pink,BCWC,19728.644738846615,19728.644738846615,49,1.9728644738846615
2000,Chum,BeringSea,14888.158119306461,14888.158119306461,49,1.488815811930646
2000,Chum,CentralAK,5888.215284639987,5888.215284639987,49,0.5888215284639987
2000,Chum,SEAK,40398.13778906368,40398.13778906368,49,4.039813778906368
2000,Chum,BCWC,11597.854472765244,11597.854472765244,49,1.1597854472765243
2000,Sockeye,BeringSea,40130.22943348944,40130.22943348944,49,4.013022943348944
2000,Sockeye,CentralAK,21141.6102065375,21141.6102065375,49,2.11416102065375
2000,Sockeye,SEAK,667.0513179798405,667.0513179798405,49,0.06670513179798405
2000,Sockeye,BCWC,28092.851225811086,28092.851225811086,49,2.8092851225811084
2000,Chinook,BeringSea,1750.4376951787926,1750.4376951787926,25,0.17504376951787926
2000,Chinook,CentralAK,813.2738880901501,813.2738880901501,25,0.08132738880901501
2000,Chinook,SEAK,732.166822628764,732.166822628764,25,0.07321668226287639
2000,Chinook,BCWC,11976.559828463385,11976.559828463385,25,1.1976559828463385
2000,Coho,BeringSea,1092.8001555461594,1092.8001555461594,25,0.10928001555461594
2000,Coho,CentralAK,4571.49275938032,4571.49275938032,25,0.45714927593803206
2000,Coho,SEAK,2537.443128974638,2537.443128974638,25,0.2537443128974638
2000,Coho,BCWC,10326.428794903059,10326.428794903059,25,1.0326428794903058
2001,Pink,BeringSea,143.7265700209796,143.7265700209796,50,0.014372657002097961
2001,Pink,CentralAK,29685.234827213255,29685.234827213255,50,2.9685234827213254
2001,Pink,SEAK,71560.73557826116,71560.73557826116,50,7.156073557826115
2001,Pink,BCWC,26510.641933447176,26510.641933447176,50,2.6510641933447174
2001,Chum,BeringSea,15492.044920032182,15492.044920032182,50,1.5492044920032182
2001,Chum,CentralAK,12623.419467695228,12623.419467695228,50,1.262341946769523
2001,Chum,SEAK,18124.911032561908,18124.911032561908,50,1.8124911032561908
2001,Chum,BCWC,38579.00507408516,38579.00507408516,50,3.857900507408516
2001,Sockeye,BeringSea,31043.11151150314,31043.11151150314,50,3.104311151150314
2001,Sockeye,CentralAK,23667.241579198144,23667.241579198144,50,2.3667241579198146
2001,Sockeye,SEAK,1066.267785163105,1066.267785163105,50,0.10662677851631049
2001,Sockeye,BCWC,46321.19820490769,46321.19820490769,50,4.632119820490769
2001,Chinook,BeringSea,6030.037488100329,6030.037488100329,26,0.6030037488100329
2001,Chinook,CentralAK,583.1916269061927,583.1916269061927,26,0.05831916269061927
2001,Chinook,SEAK,908.8507073910873,908.8507073910873,26,0.09088507073910873
2001,Chinook,BCWC,10657.169398878692,10657.169398878692,26,1.0657169398878692
2001,Coho,BeringSea,1229.2688699869198,1229.2688699869198,26,0.12292688699869198
2001,Coho,CentralAK,3313.971188490818,3313.971188490818,26,0.3313971188490818
2001,Coho,SEAK,5451.153825147825,5451.153825147825,26,0.5451153825147825
2001,Coho,BCWC,16304.467401458081,16304.467401458081,26,1.630446740145808
2002,Pink,BeringSea,3944.3414460864665,3944.3414460864665,51,0.3944341446086467
2002,Pink,CentralAK,37879.64295483279,37879.64295483279,51,3.787964295483279
2002,Pink,SEAK,81137.94148296122,81137.94148296122,51,8.113794148296122
2002,Pink,BCWC,17601.915317302915,17601.915317302915,51,1.7601915317302916
2002,Chum,BeringSea,9821.331174257426,9821.331174257426,51,0.9821331174257426
2002,Chum,CentralAK,12562.658923859457,12562.658923859457,51,1.2562658923859458
2002,Chum,SEAK,13380.378065448302,13380.378065448302,51,1.3380378065448302
2002,Chum,BCWC,25045.883270591192,25045.883270591192,51,2.5045883270591194
2002,Sockeye,BeringSea,16543.972656764003,16543.972656764003,51,1.6543972656764003
2002,Sockeye,CentralAK,12642.288496165993,12642.288496165993,51,1.2642288496165992
2002,Sockeye,SEAK,598.476323383493,598.476323383493,51,0.0598476323383493
2002,Sockeye,BCWC,28190.700505023648,28190.700505023648,51,2.819070050502365
2002,Chinook,BeringSea,3280.265978448077,3280.265978448077,27,0.3280265978448077
2002,Chinook,CentralAK,635.6384796682618,635.6384796682618,27,0.06356384796682618
2002,Chinook,SEAK,618.6282366491951,618.6282366491951,27,0.061862823664919506
2002,Chinook,BCWC,15749.814577196536,15749.814577196536,27,1.5749814577196535
2002,Coho,BeringSea,319.636654953778,319.636654953778,27,0.031963665495377803
2002,Coho,CentralAK,3848.663861301876,3848.663861301876,27,0.3848663861301876
2002,Coho,SEAK,4259.352648502372,4259.352648502372,27,0.4259352648502372
2002,Coho,BCWC,10075.525348429623,10075.525348429623,27,1.0075525348429624
2003,Pink,BeringSea,1018.1237146047306,1018.1237146047306,52,0.10181237146047306
2003,Pink,CentralAK,38798.300390514734,38798.300390514734,52,3.8798300390514733
2003,Pink,SEAK,81229.00879942739,81229.00879942739,52,8.122900879942739
2003,Pink,BCWC,34905.002889106174,34905.002889106174,52,3.4905002889106176
2003,Chum,BeringSea,13616.784306873595,13616.784306873595,52,1.3616784306873595
2003,Chum,CentralAK,20376.779137232134,20376.779137232134,52,2.0376779137232135
2003,Chum,SEAK,5675.603604856379,5675.603604856379,52,0.567560360485638
2003,Chum,BCWC,6403.966260310947,6403.966260310947,52,0.6403966260310947
2003,Sockeye,BeringSea,23723.804348571513,23723.804348571513,52,2.3723804348571513
2003,Sockeye,CentralAK,17546.534015723613,17546.534015723613,52,1.7546534015723614
2003,Sockeye,SEAK,3685.0038441017014,3685.0038441017014,52,0.36850038441017013
2003,Sockeye,BCWC,14424.730074533234,14424.730074533234,52,1.4424730074533234
2003,Chinook,BeringSea,2855.2425332862517,2855.2425332862517,28,0.2855242533286252
2003,Chinook,CentralAK,572.7675667547904,572.7675667547904,28,0.057276756675479046
2003,Chinook,SEAK,1217.4984998172808,1217.4984998172808,28,0.12174984998172808
2003,Chinook,BCWC,14836.454197957859,14836.454197957859,28,1.4836454197957858
2003,Coho,BeringSea,1450.9071466727755,1450.9071466727755,28,0.14509071466727755
2003,Coho,CentralAK,4044.6068933308247,4044.6068933308247,28,0.4044606893330825
2003,Coho,SEAK,1426.0250082200298,1426.0250082200298,28,0.142602500822003
2003,Coho,BCWC,10136.40048575874,10136.40048575874,28,1.013640048575874
2004,Pink,BeringSea,14032.001572439078,14032.001572439078,53,1.4032001572439077
2004,Pink,CentralAK,65585.01399204019,65585.01399204019,53,6.558501399204019
2004,Pink,SEAK,119031.51659387603,119031.51659387603,53,11.903151659387603
2004,Pink,BCWC,8357.908189201387,8357.908189201387,53,0.8357908189201387
2004,Chum,BeringSea,14465.232800036374,14465.232800036374,53,1.4465232800036374
2004,Chum,CentralAK,5260.211824897875,5260.211824897875,53,0.5260211824897875
2004,Chum,SEAK,31034.16161992176,31034.16161992176,53,3.103416161992176
2004,Chum,BCWC,41539.87782307787,41539.87782307787,53,4.153987782307787
2004,Sockeye,BeringSea,29876.28995933823,29876.28995933823,53,2.9876289959338234
2004,Sockeye,CentralAK,19200.47286935974,19200.47286935974,53,1.920047286935974
2004,Sockeye,SEAK,952.0052617076964,952.0052617076964,53,0.09520052617076964
2004,Sockeye,BCWC,20752.585041670412,20752.585041670412,53,2.0752585041670413
2004,Chinook,BeringSea,9115.252080217004,9115.252080217004,29,0.9115252080217003
2004,Chinook,CentralAK,645.3747205506439,645.3747205506439,29,0.0645374720550644
2004,Chinook,SEAK,1203.7228936068877,1203.7228936068877,29,0.12037228936068878
2004,Chinook,BCWC,21569.061846050245,21569.061846050245,29,2.1569061846050244
2004,Coho,BeringSea,1077.4791930884785,1077.4791930884785,29,0.10774791930884785
2004,Coho,CentralAK,2657.3249637174545,2657.3249637174545,29,0.26573249637174545
2004,Coho,SEAK,2303.8876978752887,2303.8876978752887,29,0.23038876978752887
2004,Coho,BCWC,15528.191887220399,15528.191887220399,29,1.55281918872204
2005,Pink,BeringSea,3274.6760872391183,3274.6760872391183,54,0.32746760872391184
2005,Pink,CentralAK,88742.34529586596,88742.34529586596,54,8.874234529586596
2005,Pink,SEAK,72534.59821338023,72534.59821338023,54,7.253459821338023
2005,Pink,BCWC,82237.00731399786,82237.00731399786,54,8.223700731399786
2005,Chum,BeringSea,33462.41017884576,33462.41017884576,54,3.3462410178845765
2005,Chum,CentralAK,10861.442585644148,10861.442585644148,54,1.0861442585644148
2005,Chum,SEAK,23138.956763629805,23138.956763629805,54,2.3138956763629803
2005,Chum,BCWC,17181.805695189796,17181.805695189796,54,1.7181805695189796
2005,Sockeye,BeringSea,36276.41224558749,36276.41224558749,54,3.627641224558749
2005,Sockeye,CentralAK,14144.518791102879,14144.518791102879,54,1.4144518791102878
2005,Sockeye,SEAK,2220.887410096743,2220.887410096743,54,0.22208874100967432
2005,Sockeye,BCWC,26600.4271168525,26600.4271168525,54,2.66004271168525
2005,Chinook,BeringSea,5908.055041648493,5908.055041648493,30,0.5908055041648493
2005,Chinook,CentralAK,637.4634931528688,637.4634931528688,30,0.06374634931528687
2005,Chinook,SEAK,1233.056076558242,1233.056076558242,30,0.1233056076558242
2005,Chinook,BCWC,11726.136385323225,11726.136385323225,30,1.1726136385323225
2005,Coho,BeringSea,834.1712979795745,834.1712979795745,30,0.08341712979795746
2005,Coho,CentralAK,1309.6056244407073,1309.6056244407073,30,0.13096056244407073
2005,Coho,SEAK,2588.2678076464395,2588.2678076464395,30,0.25882678076464394
2005,Coho,BCWC,2825.6712362200306,2825.6712362200306,30,0.28256712362200304
2006,Pink,BeringSea,5089.736775223662,5089.736775223662,55,0.5089736775223662
2006,Pink,CentralAK,27515.737413299066,27515.737413299066,55,2.751573741329907
2006,Pink,SEAK,57462.20387909518,57462.20387909518,55,5.746220387909518
2006,Pink,BCWC,5750.966209998274,5750.966209998274,55,0.5750966209998274
2006,Chum,BeringSea,22740.468235697583,22740.468235697583,55,2.2740468235697584
2006,Chum,CentralAK,16499.12390094078,16499.12390094078,55,1.649912390094078
2006,Chum,SEAK,23149.56337890683,23149.56337890683,55,2.314956337890683
2006,Chum,BCWC,33798.6162056379,33798.6162056379,55,3.37986162056379
2006,Sockeye,BeringSea,31360.18041899903,31360.18041899903,55,3.136018041899903
2006,Sockeye,CentralAK,20516.67124236719,20516.67124236719,55,2.051667124236719
2006,Sockeye,SEAK,1511.3361538347579,1511.3361538347579,55,0.15113361538347578
2006,Sockeye,BCWC,26053.227387829113,26053.227387829113,55,2.6053227387829114
2006,Chinook,BeringSea,5826.993344769738,5826.993344769738,31,0.5826993344769738
2006,Chinook,CentralAK,1219.4935626708586,1219.4935626708586,31,0.12194935626708586
2006,Chinook,SEAK,484.5594172287674,484.5594172287674,31,0.04845594172287674
2006,Chinook,BCWC,17725.24560017352,17725.24560017352,31,1.7725245600173518
2006,Coho,BeringSea,1068.1101664197631,1068.1101664197631,31,0.10681101664197631
2006,Coho,CentralAK,7665.392396114583,7665.392396114583,31,0.7665392396114583
2006,Coho,SEAK,2613.0114474851393,2613.0114474851393,31,0.26130114474851396
2006,Coho,BCWC,7527.801147699325,7527.801147699325,31,0.7527801147699326
2007,Pink,BeringSea,4488.388126002243,4488.388126002243,56,0.4488388126002243
2007,Pink,CentralAK,49522.36697579796,49522.36697579796,56,4.952236697579796
2007,Pink,SEAK,61587.422046950036,61587.422046950036,56,6.158742204695003
2007,Pink,BCWC,28428.319229006873,28428.319229006873,56,2.8428319229006873
2007,Chum,BeringSea,27382.777406542726,27382.777406542726,56,2.7382777406542727
2007,Chum,CentralAK,9741.463370851945,9741.463370851945,56,0.9741463370851945
2007,Chum,SEAK,6601.898419408209,6601.898419408209,56,0.6601898419408209
2007,Chum,BCWC,24471.00348268466,24471.00348268466,56,2.447100348268466
2007,Sockeye,BeringSea,43580.96376286651,43580.96376286651,56,4.3580963762866505
2007,Sockeye,CentralAK,25327.854393013567,25327.854393013567,56,2.5327854393013567
2007,Sockeye,SEAK,960.8236405941,960.8236405941,56,0.09608236405941
2007,Sockeye,BCWC,6403.083234048768,6403.083234048768,56,0.6403083234048768
2007,Chinook,BeringSea,1851.9367833905105,1851.9367833905105,32,0.18519367833905107
2007,Chinook,CentralAK,468.46739397511817,468.46739397511817,32,0.04684673939751182
2007,Chinook,SEAK,446.4435372908829,446.4435372908829,32,0.04464435372908829
2007,Chinook,BCWC,6269.82762106568,6269.82762106568,32,0.626982762106568
2007,Coho,BeringSea,414.9490164662255,414.9490164662255,32,0.04149490164662255
2007,Coho,CentralAK,2184.843937953147,2184.843937953147,32,0.2184843937953147
2007,Coho,SEAK,1897.5238845390345,1897.5238845390345,32,0.18975238845390344
2007,Coho,BCWC,5711.897215976354,5711.897215976354,32,0.5711897215976355
2008,Pink,BeringSea,6969.922557885956,6969.922557885956,57,0.6969922557885956
2008,Pink,CentralAK,11204.095772175064,11204.095772175064,57,1.1204095772175064
2008,Pink,SEAK,18631.640907809277,18631.640907809277,57,1.8631640907809277
2008,Pink,BCWC,12927.680100945614,12927.680100945614,57,1.2927680100945613
2008,Chum,BeringSea,23542.223836483474,23542.223836483474,57,2.3542223836483473
2008,Chum,CentralAK,4799.952293364195,4799.952293364195,57,0.47999522933641947
2008,Chum,SEAK,7195.883143000742,7195.883143000742,57,0.7195883143000742
2008,Chum,BCWC,30638.77479218931,30638.77479218931,57,3.063877479218931
2008,Sockeye,BeringSea,32147.039454522677,32147.039454522677,57,3.2147039454522677
2008,Sockeye,CentralAK,4686.6834223022615,4686.6834223022615,57,0.46866834223022613
2008,Sockeye,SEAK,677.7549964601649,677.7549964601649,57,0.0677754996460165
2008,Sockeye,BCWC,15065.914837592456,15065.914837592456,57,1.5065914837592456
2008,Chinook,BeringSea,1063.006765764746,1063.006765764746,33,0.1063006765764746
2008,Chinook,CentralAK,433.97502535546244,433.97502535546244,33,0.043397502535546244
2008,Chinook,SEAK,405.41688612525684,405.41688612525684,33,0.04054168861252568
2008,Chinook,BCWC,5121.094549142916,5121.094549142916,33,0.5121094549142916
2008,Coho,BeringSea,2165.103512490187,2165.103512490187,33,0.21651035124901868
2008,Coho,CentralAK,1460.9836609262843,1460.9836609262843,33,0.14609836609262844
2008,Coho,SEAK,2615.1262239708635,2615.1262239708635,33,0.26151262239708634
2008,Coho,BCWC,4682.89566971051,4682.89566971051,33,0.46828956697105106
2009,Pink,BeringSea,1944.261711210231,1944.261711210231,58,0.1944261711210231
2009,Pink,CentralAK,22305.275346096336,22305.275346096336,58,2.2305275346096334
2009,Pink,SEAK,46500.31834528095,46500.31834528095,58,4.650031834528096
2009,Pink,BCWC,76133.14567344595,76133.14567344595,58,7.613314567344595
2009,Chum,BeringSea,9434.700513556387,9434.700513556387,58,0.9434700513556387
2009,Chum,CentralAK,12593.108888090961,12593.108888090961,58,1.259310888809096
2009,Chum,SEAK,7168.09056564234,7168.09056564234,58,0.716809056564234
2009,Chum,BCWC,32135.184506006797,32135.184506006797,58,3.2135184506006795
2009,Sockeye,BeringSea,28219.6964881517,28219.6964881517,58,2.82196964881517
2009,Sockeye,CentralAK,14494.940615307474,14494.940615307474,58,1.4494940615307474
2009,Sockeye,SEAK,1947.8540249091,1947.8540249091,58,0.19478540249091
2009,Sockeye,BCWC,7067.45091742991,7067.45091742991,58,0.706745091742991
2009,Chinook,BeringSea,2377.0928946364156,2377.0928946364156,34,0.23770928946364156
2009,Chinook,CentralAK,289.3417677740259,289.3417677740259,34,0.028934176777402593
2009,Chinook,SEAK,241.84425217495874,241.84425217495874,34,0.024184425217495874
2009,Chinook,BCWC,6809.360212561681,6809.360212561681,34,0.680936021256168
2009,Coho,BeringSea,498.95298869288627,498.95298869288627,34,0.049895298869288625
2009,Coho,CentralAK,2160.6871020109747,2160.6871020109747,34,0.21606871020109747
2009,Coho,SEAK,3540.4695897483844,3540.4695897483844,34,0.35404695897483845
2009,Coho,BCWC,4700.1407237962585,4700.1407237962585,34,0.47001407237962584
2010,Pink,BeringSea,5962.358375399593,5962.358375399593,59,0.5962358375399592
2010,Pink,CentralAK,23711.947281429075,23711.947281429075,59,2.3711947281429073
2010,Pink,SEAK,56391.35189330505,56391.35189330505,59,5.6391351893305055
2010,Pink,BCWC,8339.710544295698,8339.710544295698,59,0.8339710544295698
2010,Chum,BeringSea,16900.611605903458,16900.611605903458,59,1.6900611605903457
2010,Chum,CentralAK,11089.91864399583,11089.91864399583,59,1.108991864399583
2010,Chum,SEAK,10306.566298870117,10306.566298870117,59,1.0306566298870117
2010,Chum,BCWC,10293.92918508885,10293.92918508885,59,1.029392918508885
2010,Sockeye,BeringSea,15455.483035575817,15455.483035575817,59,1.5455483035575817
2010,Sockeye,CentralAK,9006.365054617609,9006.365054617609,59,0.9006365054617609
2010,Sockeye,SEAK,575.4829872649098,575.4829872649098,59,0.057548298726490976
2010,Sockeye,BCWC,38197.63684550312,38197.63684550312,59,3.819763684550312
2010,Chinook,BeringSea,1941.7452270080462,1941.7452270080462,35,0.19417452270080462
2010,Chinook,CentralAK,382.13988528713577,382.13988528713577,35,0.03821398852871358
2010,Chinook,SEAK,397.8770895957095,397.8770895957095,35,0.03978770895957095
2010,Chinook,BCWC,9803.099193604683,9803.099193604683,35,0.9803099193604683
2010,Coho,BeringSea,598.5739996706158,598.5739996706158,35,0.059857399967061575
2010,Coho,CentralAK,5200.701139068389,5200.701139068389,35,0.5200701139068389
2010,Coho,SEAK,3481.56280431512,3481.56280431512,35,0.348156280431512
2010,Coho,BCWC,4262.704457055965,4262.704457055965,35,0.42627044570559647
2011,Pink,BeringSea,1839.5793584165797,1839.5793584165797,60,0.18395793584165795
2011,Pink,CentralAK,31501.832528873903,31501.832528873903,60,3.1501832528873903
2011,Pink,SEAK,52616.20088488585,52616.20088488585,60,5.261620088488585
2011,Pink,BCWC,46388.67503122226,46388.67503122226,60,4.638867503122226
2011,Chum,BeringSea,16739.2198860919,16739.2198860919,60,1.67392198860919
2011,Chum,CentralAK,2601.4881212349246,2601.4881212349246,60,0.26014881212349245
2011,Chum,SEAK,6093.085494056742,6093.085494056742,60,0.6093085494056742
2011,Chum,BCWC,22196.50816311534,22196.50816311534,60,2.219650816311534
2011,Sockeye,BeringSea,15137.403184344268,15137.403184344268,60,1.513740318434427
2011,Sockeye,CentralAK,31264.228522458234,31264.228522458234,60,3.1264228522458235
2011,Sockeye,SEAK,1516.342458699753,1516.342458699753,60,0.15163424586997531
2011,Sockeye,BCWC,27319.047805512502,27319.047805512502,60,2.7319047805512504
2011,Chinook,BeringSea,1574.568359961455,1574.568359961455,36,0.1574568359961455
2011,Chinook,CentralAK,374.07014376504947,374.07014376504947,36,0.03740701437650495
2011,Chinook,SEAK,192.79070680422583,192.79070680422583,36,0.019279070680422585
2011,Chinook,BCWC,13408.022553000072,13408.022553000072,36,1.3408022553000072
2011,Coho,BeringSea,283.37151565081206,283.37151565081206,36,0.028337151565081205
2011,Coho,CentralAK,1987.6193485255953,1987.6193485255953,36,0.19876193485255952
2011,Coho,SEAK,2655.5869531801573,2655.5869531801573,36,0.26555869531801574
2011,Coho,BCWC,3986.806628317953,3986.806628317953,36,0.39868066283179526
2012,Pink,BeringSea,3732.389708051971,3732.389708051971,61,0.3732389708051971
2012,Pink,CentralAK,19227.390334286454,19227.390334286454,61,1.9227390334286454
2012,Pink,SEAK,51493.09039838538,51493.09039838538,61,5.1493090398385375
2012,Pink,BCWC,16814.377631400337,16814.377631400337,61,1.6814377631400337
2012,Chum,BeringSea,22580.726960476604,22580.726960476604,61,2.2580726960476603
2012,Chum,CentralAK,7950.7318114549535,7950.7318114549535,61,0.7950731811454953
2012,Chum,SEAK,9603.439029202924,9603.439029202924,61,0.9603439029202924
2012,Chum,BCWC,16537.780965135375,16537.780965135375,61,1.6537780965135374
2012,Sockeye,BeringSea,9069.96861263814,9069.96861263814,61,0.9069968612638141
2012,Sockeye,CentralAK,33017.183811361385,33017.183811361385,61,3.3017183811361384
2012,Sockeye,SEAK,1729.1693184156734,1729.1693184156734,61,0.17291693184156734
2012,Sockeye,BCWC,10166.813549497714,10166.813549497714,61,1.0166813549497715
2012,Chinook,BeringSea,1152.1346168166533,1152.1346168166533,37,0.11521346168166532
2012,Chinook,CentralAK,232.27255860852097,232.27255860852097,37,0.023227255860852097
2012,Chinook,SEAK,291.9229208166847,291.9229208166847,37,0.029192292081668472
2012,Chinook,BCWC,14019.156215796625,14019.156215796625,37,1.4019156215796627
2012,Coho,BeringSea,713.9529046308986,713.9529046308986,37,0.07139529046308986
2012,Coho,CentralAK,1374.4084246168295,1374.4084246168295,37,0.13744084246168295
2012,Coho,SEAK,1663.690254502052,1663.690254502052,37,0.1663690254502052
2012,Coho,BCWC,4692.339016763472,4692.339016763472,37,0.46923390167634715
2013,Pink,BeringSea,726.6094734965242,726.6094734965242,62,0.07266094734965242
2013,Pink,CentralAK,38235.01842935102,38235.01842935102,62,3.8235018429351015
2013,Pink,SEAK,47047.5725593545,47047.5725593545,62,4.70475725593545
2013,Pink,BCWC,33421.93106640429,33421.93106640429,62,3.3421931066404293
2013,Chum,BeringSea,40326.783941444606,40326.783941444606,62,4.032678394144461
2013,Chum,CentralAK,3830.008654045016,3830.008654045016,62,0.3830008654045016
2013,Chum,SEAK,9461.47093727709,9461.47093727709,62,0.946147093727709
2013,Chum,BCWC,16110.655371144812,16110.655371144812,62,1.6110655371144813
2013,Sockeye,BeringSea,8589.987154552693,8589.987154552693,62,0.8589987154552693
2013,Sockeye,CentralAK,7604.554430705913,7604.554430705913,62,0.7604554430705912
2013,Sockeye,SEAK,1539.4296503169264,1539.4296503169264,62,0.15394296503169264
2013,Sockeye,BCWC,12104.569163038323,12104.569163038323,62,1.2104569163038323
2013,Chinook,BeringSea,1065.4276727835115,1065.4276727835115,38,0.10654276727835116
2013,Chinook,CentralAK,433.021359582518,433.021359582518,38,0.0433021359582518
2013,Chinook,SEAK,476.8723317242824,476.8723317242824,38,0.04768723317242824
2013,Chinook,BCWC,12698.924799991586,12698.924799991586,38,1.2698924799991587
2013,Coho,BeringSea,406.27356297026404,406.27356297026404,38,0.04062735629702641
2013,Coho,CentralAK,3227.3189602876364,3227.3189602876364,38,0.3227318960287636
2013,Coho,SEAK,3285.568631357705,3285.568631357705,38,0.3285568631357705
2013,Coho,BCWC,7458.878397050338,7458.878397050338,38,0.7458878397050338
2014,Pink,BeringSea,2604.513644668959,2604.513644668959,63,0.2604513644668959
2014,Pink,CentralAK,13368.906278013052,13368.906278013052,63,1.336890627801305
2014,Pink,SEAK,76685.48174253551,76685.48174253551,63,7.6685481742535515
2014,Pink,BCWC,35307.47499547648,35307.47499547648,63,3.5307474995476475
2014,Chum,BeringSea,12966.689542362923,12966.689542362923,63,1.2966689542362924
2014,Chum,CentralAK,6133.625132480817,6133.625132480817,63,0.6133625132480818
2014,Chum,SEAK,8706.766260816188,8706.766260816188,63,0.8706766260816188
2014,Chum,BCWC,25716.66186205322,25716.66186205322,63,2.5716661862053223
2014,Sockeye,BeringSea,31697.09172304391,31697.09172304391,63,3.1697091723043913
2014,Sockeye,CentralAK,21282.81360947693,21282.81360947693,63,2.128281360947693
2014,Sockeye,SEAK,741.3668017365521,741.3668017365521,63,0.07413668017365521
2014,Sockeye,BCWC,51801.45314209655,51801.45314209655,63,5.180145314209655
2014,Chinook,BeringSea,1489.7292161437667,1489.7292161437667,39,0.14897292161437667
2014,Chinook,CentralAK,364.8393626762515,364.8393626762515,39,0.036483936267625146
2014,Chinook,SEAK,206.76656210815108,206.76656210815108,39,0.020676656210815107
2014,Chinook,BCWC,7508.753800141493,7508.753800141493,39,0.7508753800141493
2014,Coho,BeringSea,696.2215622499933,696.2215622499933,39,0.06962215622499933
2014,Coho,CentralAK,6805.59461198843,6805.59461198843,39,0.680559461198843
2014,Coho,SEAK,4005.9867073396836,4005.9867073396836,39,0.4005986707339684
2014,Coho,BCWC,7851.611394475756,7851.611394475756,39,0.7851611394475756
2015,Pink,BeringSea,2562.4929571269686,2562.4929571269686,64,0.25624929571269683
2015,Pink,CentralAK,38682.73390133159,38682.73390133159,64,3.8682733901331585
2015,Pink,SEAK,55162.50994231001,55162.50994231001,64,5.516250994231001
2015,Pink,BCWC,57677.412615129,57677.412615129,64,5.767741261512899
2015,Chum,BeringSea,5526.689302066594,5526.689302066594,64,0.5526689302066594
2015,Chum,CentralAK,2361.69703849054,2361.69703849054,64,0.23616970384905397
2015,Chum,SEAK,21165.586721645384,21165.586721645384,64,2.1165586721645386
2015,Chum,BCWC,23460.092060987943,23460.092060987943,64,2.3460092060987945
2015,Sockeye,BeringSea,43290.19312534092,43290.19312534092,64,4.329019312534092
2015,Sockeye,CentralAK,19489.43287402134,19489.43287402134,64,1.948943287402134
2015,Sockeye,SEAK,1410.2840860803979,1410.2840860803979,64,0.14102840860803978
2015,Sockeye,BCWC,5942.293678341113,5942.293678341113,64,0.5942293678341113
2015,Chinook,BeringSea,2349.7823886933675,2349.7823886933675,40,0.23497823886933675
2015,Chinook,CentralAK,759.2650159953097,759.2650159953097,40,0.07592650159953097
2015,Chinook,SEAK,718.4971279758719,718.4971279758719,40,0.07184971279758719
2015,Chinook,BCWC,7011.462519144577,7011.462519144577,40,0.7011462519144577
2015,Coho,BeringSea,446.9798650274529,446.9798650274529,40,0.04469798650274529
2015,Coho,CentralAK,2524.560005853067,2524.560005853067,40,0.2524560005853067
2015,Coho,SEAK,2436.807753591707,2436.807753591707,40,0.24368077535917068
2015,Coho,BCWC,4295.393544928143,4295.393544928143,40,0.4295393544928143
